persona,script,modifier,query
uk_freelance_designer,identity_passport_upload,empty,"hi, my revoult account’s been limited and the app is asking for a passport/ID review, but i cant see where to upload it. my card’s stopped working too — can you point me to the in-app request and let me know how to submit a clear photo safely? cheers"
uk_freelance_designer,identity_passport_upload,poor_internet_connection,"Hi, my Revolut account’s been limited for an identity check and my card’s stopped working, but the app keeps failing when I try to upload my passport because my internet is rubbish 😩 Can you tell me exactly where to find the document request in the app and how to submit a clear photo securely so you can review it and restore access?"
uk_freelance_designer,identity_passport_upload,anxious_security_fear,"Hi, my account’s been temporarily limited after a security check and the app wants a passport or ID doc, but I cant find where to upload it and my card’s stopped working too. I’m a bit worried tbh — is my money safe, and can you tell me how to open the request in the app, take the doc photo properly, and submit it securely so you can review it?"
uk_freelance_designer,identity_passport_upload,confused_by_app_updates,"Hi, my account’s been limited for a security check and the app is asking for ID, but the screens look different to the instructions I found and I cant see where to upload my passport. My card isnt working either — can you tell me where to open the request in the app and submit the document securely?"
uk_freelance_designer,identity_passport_upload,angry_after_waiting,"why has my revoult account been limited and my card stopped working, and where the hell do i upload the passport theyre asking for? ive been waiting ages for this — can you tell me exactly how to submit it in the app so it gets reviewed and my account gets restored asap, cheers."
uk_freelance_designer,proof_of_address_rejected,empty,"Hi, I tried to verify my address in Revolut but my proof of address got rejected and I cant see why. I uploaded a screenshot of an online bill — could you tell me what docs are actually accepted, and if my name/address need to match exactly, be recent, and readable before I resubmit it?"
uk_freelance_designer,proof_of_address_rejected,poor_internet_connection,"Hi, I tried to verify my address in Revolut but the proof of address got rejected and I’m not sure why — I uploaded a screenshot of an online bill. My connection keeps dropping so the upload/screens keep failing, can you tell me what docs are acceptable and how to make sure the name, address and date match before I resubmit?"
uk_freelance_designer,proof_of_address_rejected,anxious_security_fear,"Hi, I tried to verify my address and the proof got rejected, but it was an online bill screenshot and I’m not sure why. Can you tell me what documents are actually accepted, check if my name/address need to match exactly, and how I can resubmit it properly? I’m a bit worried my money or data is at risk here, so please reassure me this is just a verification thing 🙏"
uk_freelance_designer,proof_of_address_rejected,confused_by_app_updates,"Hi, I tried to verify my address in the app but my proof of address got rejected — I uploaded a screenshot of an online bill and now I cant see where to resubmit it. The interface looks different to the instructions I found, so could you tell me what documents are accepted and where to do the address verification again? Cheers"
uk_freelance_designer,proof_of_address_rejected,angry_after_waiting,"my proof of address keeps getting rejected and ive already waited ages for this. i uploaded an online bill screenshot, so can you tell me exactly what counts as acceptable, and what needs to match on my name/address so i can resubmit it properly through the app?"
uk_freelance_designer,source_of_funds_review,empty,"Hi, Ive had a source of funds request after a few large transfers and Im a bit worried my account will be closed 😅 What docs do you actually need from me - salary slips, tax returns, bank statements, sale contracts, whatever - and how do I know whats enough to match the payments youre reviewing?"
uk_freelance_designer,source_of_funds_review,poor_internet_connection,"Hey, I’ve just had a source of funds request after a few large transfers and my app keeps failing on upload because my connection is rubbish. Can you tell me exactly what documents you need so I dont end up getting my account closed — salary slips, bank statements, tax docs, sale contract, whatever matches the transfers under review?"
uk_freelance_designer,source_of_funds_review,anxious_security_fear,"Hi, I’ve just had a source of funds request after a few large transfers and I’m honestly a bit panicked — does this mean my account might be closed or my money/data are at risk? 😟 What exact docs do you need from me, and do they need to clearly match the payments under review?"
uk_freelance_designer,source_of_funds_review,confused_by_app_updates,"Hi, I’ve had a source of funds request after a few big transfers and I’m a bit confused because the app looks different from the steps online, so I cant find where to upload the docs. Can you tell me exactly what proof you need and where I should submit it?"
uk_freelance_designer,source_of_funds_review,angry_after_waiting,"ive already waited ages for this source of funds thing and im getting nowhere. can you just tell me exactly what docs you need so my account doesnt get closed — salary slips, tax docs, bank statements, sale contracts, whatever fits the transfers?"
uk_freelance_designer,card_payment_declined_enough_funds,empty,"Hi, my Revolut card got declined in a shop even though Ive got enough balance — can you check what might be blocking it? I’m wondering if it’s a security setting, spending limit, frozen card, or something I can change in the app before I try again."
uk_freelance_designer,card_payment_declined_enough_funds,poor_internet_connection,"Hi, my Revolut card keeps getting declined in a shop even though Ive got enough money in the account. The app keeps timing out as well 🙃 can you check what might be blocking it — security settings, spending limits, frozen card, location stuff, or a temporary decline — and tell me what I can change before I try again?"
uk_freelance_designer,card_payment_declined_enough_funds,anxious_security_fear,"Hi, my Revolut card got declined in a shop even though Ive definitely got enough money on it 😕 Im a bit anxious tbh — can you check if its blocked by card security settings, limits, location, or some temporary security decline, and tell me what I can change in the app before I try again? Cheers, I just want to be sure my money and details are safe."
uk_freelance_designer,card_payment_declined_enough_funds,confused_by_app_updates,"Hi, my Revolut card was declined in a shop even though Ive got enough money in the account. The app UI looks different to the help article Ive found, so I cant work out where to check if its frozen, the limits/security settings or anything else before I try again — cheers."
uk_freelance_designer,card_payment_declined_enough_funds,angry_after_waiting,"My Revolut card just got declined in a store even though Ive got enough money, and Im sick of waiting around now. Can you tell me exactly whats blocking it in the app so I can fix it and pay right now?"
uk_freelance_designer,apple_pay_card_add_failed,empty,"Hi, Im trying to add my Revolut card to Apple Pay on my iPhone but I keep getting a verification error in Wallet. Can you help me check if its eligible and what to try next? Cheers."
uk_freelance_designer,apple_pay_card_add_failed,poor_internet_connection,"Hi, Im trying to add my Revolut card to Apple Pay but it keeps throwing a verification error in Wallet. My connection is pretty patchy so the screen keeps failing — can you help me check if the card is eligible, make sure Revolut/iOS are up to date, and tell me if I should try adding it again from the Revolut app rather than manually? Cheers."
uk_freelance_designer,apple_pay_card_add_failed,anxious_security_fear,"Hi, Im trying to add my Revolut card to Apple Pay but I keep getting an error during verification and Im a bit panicked tbh — is my money or data at risk? Can you please tell me if my card is eligible, whether I should update the Revolut app and iOS, check the card is active/not blocked, and make sure my phone number is right for the code? Cheers, and should I try adding it again from inside the Revolut app instead of typing the card details manually?"
uk_freelance_designer,apple_pay_card_add_failed,confused_by_app_updates,"Hi, Im trying to add my Revolut card to Apple Pay but I keep getting a verification error, and the app looks different from the steps Ive found so I cant work out where to check it. Can you tell me what I should look at in the Revolut app to check eligibility, confirm the card is active/not blocked, and try adding it again from there rather than manually? Cheers"
uk_freelance_designer,apple_pay_card_add_failed,angry_after_waiting,"Why wont my Revolut card add to Apple Pay? Its throwing a verification error and Ive already waited ages for this, so I need a proper fix now. Can you check if my card is eligible, whether the app/iOS is up to date, if the card is active/not blocked, and whether Im using the right phone number for the code? Also tell me if I should add it again from the Revolut app instead of typing the details in manually."
uk_freelance_designer,virtual_card_not_working,empty,"Hi, I created a Revolut virtual card for an online purchase but the merchant keeps rejecting it — can you help me check if it’s a standard virtual card or single-use one, and whether online payments are actually enabled? Also wondering if I need to match the billing address/card details exactly, or if the merchant might just not support this type of card. Cheers."
uk_freelance_designer,virtual_card_not_working,poor_internet_connection,"Hi, I created a virtual card for an online purchase but the merchant keeps rejecting it and my screens keep failing on patchy wifi 😩 Can you check if I’m using a standard virtual card vs a single-use one, whether online payments are actually enabled, and if there’s anything I need to double-check with the billing address/card details?"
uk_freelance_designer,virtual_card_not_working,anxious_security_fear,"Hi, I created a virtual card for an online purchase but the merchant keeps rejecting it and Im getting a bit worried something is wrong with my money or details 😅 Can you check the difference between a standard virtual card and a single-use one, and tell me if online payments are enabled and what I should double check for the billing address/card details? Cheers, I just want to be sure its safe and sorted."
uk_freelance_designer,virtual_card_not_working,confused_by_app_updates,"Hi, I created a virtual card for an online purchase but the merchant keeps rejecting it, and I cant find the same options in the app as the help article shows 😅 Can you tell me how to check if it’s a standard or single-use virtual card, make sure online payments are enabled, and confirm what billing address/card details I should be using?"
uk_freelance_designer,virtual_card_not_working,angry_after_waiting,"Why is my Revolut virtual card still getting rejected online? I need this sorted now — is it a standard virtual card or a single-use one, and can you check if online payments are enabled and my billing address/card details are right? Some merchants just seem to hate revoult cards, which is a bit ridiculous."
uk_freelance_designer,lost_stolen_card_freeze,empty,"Hi, I’ve lost my physical Revolut card while travelling and I’m worried someone could use it. Can you help me freeze it in the app, check for any dodgy transactions, and get a replacement sent to the right address please? Cheers."
uk_freelance_designer,lost_stolen_card_freeze,poor_internet_connection,"Hi, I’ve lost my physical Revolut card while travelling and I’m worried someone might use it. My internet keeps dropping so the app keeps failing to load — can you tell me the quickest way to freeze the card, check recent transactions, report anything dodgy, and order a replacement to my current address if needed? Cheers."
uk_freelance_designer,lost_stolen_card_freeze,anxious_security_fear,"Hi, Ive lost my physical Revolut card while travelling and Im really panicking someone could use it 😟 Can you tell me how to freeze it in the app straight away, check recent transactions for anything dodgy, and report fraud if needed? Also, can I order a replacement to my correct address and keep using my virtual card or Apple Pay in the meantime?"
uk_freelance_designer,lost_stolen_card_freeze,confused_by_app_updates,"Hi, ive lost my physical Revolut card while travelling and im a bit panicked someone might use it. The app looks different to the instructions I found, so can you tell me where to freeze the card, check recent payments, report anything suspicious, and order a replacement to the right address? Cheers, and if I can still use my virtual card or Apple Pay while I wait, even better."
uk_freelance_designer,lost_stolen_card_freeze,angry_after_waiting,"My physical Revolut card is lost while Im travelling and I need it frozen right now before someone uses it. Ive already waited ages for help, so can you tell me exactly how to freeze it in the app, check recent transactions, report any dodgy payments, and order a replacement to the correct address if needed? Also, can I keep using virtual cards or Apple Pay in the meantime, cheers."
uk_freelance_designer,atm_withdrawal_pending,empty,"Hi, I tried to withdraw cash from an ATM but it didnt actually dispense anything, and the Revolut app is showing the withdrawal as pending. Can you tell me if this can just sit pending while the ATM operator sorts it out, and what I should do if it ends up completing without me getting the cash? Cheers."
uk_freelance_designer,atm_withdrawal_pending,poor_internet_connection,"Tried to withdraw cash at an ATM and it didnt actually give me the money, but the Revolut app still shows it as pending. Is that normal or should I be worried? Cheers if you can tell me what to do next, my connection keeps dropping so this is a bit of a faff."
uk_freelance_designer,atm_withdrawal_pending,anxious_security_fear,"Hi, I tried to take cash out at an ATM but it didnt dispense anything, and now Revolut is showing it as pending. Im a bit panicked tbh — can you reassure me if this can just stay pending while the ATM operator sorts it out, and what I should do if it ends up completed anyway?"
uk_freelance_designer,atm_withdrawal_pending,confused_by_app_updates,"Hi, I tried to take cash out at an ATM but it didnt dispense anything, and in the app its still showing as pending. The interface looks different to the help steps I found, so I cant see where to report it — can you confirm if I just need to wait for it to update, and what details you need if it ends up going through without me getting the cash?"
uk_freelance_designer,atm_withdrawal_pending,angry_after_waiting,"I tried to withdraw cash at an ATM and it didnt give me anything, but Revolut has still marked it as pending. Ive already waited ages now — can you tell me why this isnt reversed yet and what exactly I need to do to get this sorted immediately?"
uk_freelance_designer,card_refund_missing,empty,"Hi, I returned something to a merchant and they said the refunds been issued, but its still not showing in my Revolut balance. Can you help check the original card payment and tell me how long refunds usually take to appear? If its gone past the usual timeframe, I guess I’ll need to know whether to chase the merchant or raise it with yous."
uk_freelance_designer,card_refund_missing,poor_internet_connection,"Hi, I returned something and the merchant says the refunds been issued, but it still hasnt shown in my Revolut balance. Can you check if its linked to the original card payment and tell me how long it usually takes before I should chase the merchant or raise it with Revolut? Cheers, my app keeps failing loads too 🙃"
uk_freelance_designer,card_refund_missing,anxious_security_fear,"Hi, I returned an item and the merchant says the refund was issued, but it still hasnt shown in my Revolut balance. I’m a bit panicked tbh — can you check the original card payment and tell me if the refund might just be linked to it / still pending, and when I should ask the merchant for proof of refund vs when to raise it with Revolut?"
uk_freelance_designer,card_refund_missing,confused_by_app_updates,"Hi, I returned something and the merchant says the refund was issued, but it still isnt showing in my Revolut balance. The app looks different to the instructions I found, so I cant find where to check the original card payment or refund status — can you point me to the right place and tell me when I should chase the merchant vs raise it with Revolut?"
uk_freelance_designer,card_refund_missing,angry_after_waiting,"Ive been waiting ages for this refund and its still not in my Revolut balance — the merchant says theyve issued it but I cant see it anywhere. Can you check the original card payment and tell me exactly whats going on, because I need a proper answer now, cheers."
uk_freelance_designer,chargeback_case_update,empty,"Hi, I disputed a card payment because the merchant never delivered the goods, but I havent had any update on the chargeback case. Can you explain how the dispute process works and whether you need any evidence from me like receipts, tracking details, messages with the merchant or cancellation proof? Cheers."
uk_freelance_designer,chargeback_case_update,poor_internet_connection,"Hi, I disputed a card payment because the merchant never delivered the goods, but I havent had any update on the chargeback case. My connection keeps dropping so the app keeps failing on me 😅 can you explain what evidence you need from me and roughly how long this usually takes before theres a final outcome?"
uk_freelance_designer,chargeback_case_update,anxious_security_fear,"Hi, I disputed a card payment because the merchant never delivered the goods, but I still havent had any update on the chargeback case and Im getting really anxious about whether my money or personal data is at risk 😣 Can you explain how the dispute process works, what evidence you might need from me like receipts, tracking info, messages with the merchant or cancellation proof, and roughly how long this usually takes before theres a final outcome?"
uk_freelance_designer,chargeback_case_update,confused_by_app_updates,"Hi, I disputed a card payment ages ago because the merchant never delivered, but I havent had any update on the chargeback case and the app layout looks totally different to the guide I found 😅 Can you explain how the dispute process works and where Im supposed to find the right section now?"
uk_freelance_designer,chargeback_case_update,angry_after_waiting,"I disputed a card payment ages ago because the merchant never sent the goods, and I still havent had any proper update on the chargeback case. Can someone tell me exactly whats happening, what evidence you need from me, and when Im actually going to get a final decision?"
uk_freelance_designer,top_up_reverted,empty,"Hi, I topped up with my debit card and the balance showed for a sec, then it got reverted. Can you tell me what usually causes that — do I need to retry, use a bank transfer instead, or check with my card issuer? Cheers."
uk_freelance_designer,top_up_reverted,poor_internet_connection,"Hi, I topped up with my debit card and the balance flashed up for a sec then got reversed 🤦‍♀️ My connection’s been awful so the app keeps failing too — can you tell me if it was declined by my card issuer, an auth issue, or if that card just cant be used for deposits, and should I retry, use bank transfer, or call my bank?"
uk_freelance_designer,top_up_reverted,anxious_security_fear,"Hi, I just topped up my Revolut with a debit card and the money showed in my balance for a second, then it got reverted 🙃 I’m a bit panicked — is my money safe, and was this likely the card issuer, auth failure, or some card restriction? Should I retry, use a bank transfer instead, or contact my card issuer?"
uk_freelance_designer,top_up_reverted,confused_by_app_updates,"Hi, I tried topping up with my debit card and the balance flashed up then got reverted, which is a bit confusing. The app looks different to the guide I found and I cant see where to check what happened or whether I should retry, use bank transfer, or speak to my card issuer — cheers."
uk_freelance_designer,top_up_reverted,angry_after_waiting,"my debit card top up showed in Revolut for a minute then got reversed, so where the hell did it go? i need a clear answer now — should i retry, use a bank transfer, or chase my card issuer?"
uk_freelance_designer,bank_transfer_pending_inbound,empty,"Hi, Im waiting on a bank transfer that the sender says has already been sent, but its still pending/missing in my Revolut app. Can you check if the right local or international account details were used, whether that currency/transfer type is supported, and what info youd need to trace it if it doesnt turn up?"
uk_freelance_designer,bank_transfer_pending_inbound,poor_internet_connection,"Hi, Im waiting for an incoming bank transfer in my Revolut but its still pending/missing even though the sender says it was sent. Could you help me check if the right local/international details were used, whether the currency/transfer type is supported, and what info you need to trace it if it doesnt show up soon?"
uk_freelance_designer,bank_transfer_pending_inbound,anxious_security_fear,"Hi, I’m waiting for a bank transfer that the sender says has already been sent, but it’s still pending/missing in my Revolut app and I’m getting a bit worried 😕 Can you check if the right local or international account details were used, whether the currency/transfer type should be supported, and if there could be intermediary banks holding it up? Also, what info do you need from me to trace it if it doesnt arrive soon?"
uk_freelance_designer,bank_transfer_pending_inbound,confused_by_app_updates,"Hi, Im waiting on a bank transfer that the sender says was sent, but its still missing/pending in my Revolut. The app looks different to the instructions Ive found, so I cant see where to check the correct account details or trace it — can you help me work out if the right local/international details were used and what info you need if it still doesnt arrive?"
uk_freelance_designer,bank_transfer_pending_inbound,angry_after_waiting,"Where is my bank transfer? The sender says it’s been sent ages ago but it’s still missing in my Revolut and I need this sorted now. Can you check if the right local/international details were used and what info you need to trace it, because this is getting ridiculous."
uk_freelance_designer,wrong_revolut_recipient_transfer,empty,"Hi, I sent a transfer to the wrong Revolut customer by picking the wrong contact/Revtag 🤦‍♀️ Can this be cancelled, and if not how do I ask them to send it back or report it if they don’t? Also, any tips to avoid doing this again on the app would be great, cheers."
uk_freelance_designer,wrong_revolut_recipient_transfer,poor_internet_connection,"Hi, I sent a transfer to the wrong Revolut contact by accident — my internet’s been dodgy and I think I tapped the wrong Revtag on a laggy screen 🙃 Can it be cancelled or do I need to ask the recipient to send it back, and how do I report it if they dont cooperate? Also, whats the best way to double-check the recipient before confirming so this doesnt happen again?"
uk_freelance_designer,wrong_revolut_recipient_transfer,anxious_security_fear,"Hi, I’ve just sent money to the wrong Revolut customer by mistake and Im a bit panicking — can this transfer be cancelled or reversed at all? If not, whats the best way to contact the recipient and report it if they dont send it back? Also, how do I make sure I’m checking the right Revtag/contact next time so this doesnt happen again 😅"
uk_freelance_designer,wrong_revolut_recipient_transfer,confused_by_app_updates,"Hey, I sent a transfer to the wrong Revolut customer by accident because the app looks different to the instructions I found and I cant find where to cancel it or message the recipient 😕 Can you tell me if I can get it back, how to contact them to ask for a refund, and where I report it if they dont reply?"
uk_freelance_designer,wrong_revolut_recipient_transfer,angry_after_waiting,"Ive just sent money to the wrong Revolut customer because I picked the wrong contact/Revtag and Im fuming — can this transfer be cancelled right now or not? If not, tell me exactly how I contact the recipient to ask for it back, how I report it if they ignore me, and what I should check before confirming next time so this doesnt happen again."
uk_freelance_designer,bank_transfer_extra_info_request,empty,"Hi, I started a bank transfer and got asked for more info before itll go through — can you let me know what details you need and why its being reviewed? I can send over the payment purpose, my relationship to the recipient, invoices or contracts if that helps, cheers."
uk_freelance_designer,bank_transfer_extra_info_request,poor_internet_connection,"Hi, my bank transfer got put on hold for extra info but the app isnt really telling me why. Can you let me know what details you need from me — like purpose of payment, relationship to the recipient or any invoice/contract — so I can get this sorted? The upload screen keeps failing on my dodgy connection as well 🙃"
uk_freelance_designer,bank_transfer_extra_info_request,anxious_security_fear,"Hi, I just started a bank transfer and Revolut is asking for more info before it goes through — why is it being reviewed? I’m a bit anxious about it tbh, can you reassure me if it’s safe to give the purpose, relationship to the recipient, invoices or contract details, and whether that’ll help get it sorted быстрее?"
uk_freelance_designer,bank_transfer_extra_info_request,confused_by_app_updates,"Hi, I started a bank transfer and Revolut is asking for more info before it goes through, but the app layout looks different from the instructions I found so I cant see where to add it. Can you tell me exactly where to submit the payment purpose/relationship to the recipient or any docs like an invoice so I can get it sorted?"
uk_freelance_designer,bank_transfer_extra_info_request,angry_after_waiting,"Why is my bank transfer still under review? I’ve already waited ages, so can someone tell me exactly what info you need from me to get this sorted now — purpose of payment, relationship to the recipient, invoice, whatever — because this is starting to be a bit ridiculous."
uk_freelance_designer,scheduled_payment_insufficient_funds,empty,"Hi, my scheduled transfer didnt go out because there werent enough funds at the time — can you explain what happened and how I can top up and retry it, or set up a new scheduled payment? Also how do I edit or cancel future scheduled transfers in the app, and make sure I’ve got enough balance in the right currency next time?"
uk_freelance_designer,scheduled_payment_insufficient_funds,poor_internet_connection,"My scheduled transfer failed this morning because there wasnt enough money in my Revolut balance at the time — can you explain why it didnt go out and how I can top up and retry it, or set up a new one? Also, how do I edit or cancel future scheduled transfers so this doesnt keep happening 😅"
uk_freelance_designer,scheduled_payment_insufficient_funds,anxious_security_fear,"Hi, I set up a scheduled transfer but it failed cos there wasnt enough money in my Revolut balance at the time — did anything else happen to my account or data, and is it safe? Can you help me top up, retry it or set a new scheduled payment, and tell me how to edit/cancel future ones so this doesnt happen again?"
uk_freelance_designer,scheduled_payment_insufficient_funds,confused_by_app_updates,"Hi, I had a scheduled transfer set up but it failed cos there werent enough funds at the time, and the app looks different to the instructions Im finding so Im a bit lost. Can you tell me where to top up and retry it, or how to set up a new scheduled payment / edit or cancel future ones? Cheers"
uk_freelance_designer,scheduled_payment_insufficient_funds,angry_after_waiting,"My scheduled transfer failed because there wasnt enough money in my Revolut at the time — can you tell me why it didnt just retry and how I get it sent now? Need to know how to top up and either retry it or make a new scheduled payment, plus how to edit/cancel the future ones so this doesnt happen again."
uk_freelance_designer,direct_debit_unrecognized,empty,"Hi, I’ve got a direct debit attempt in Revolut I dont recognise and I want to stop it before any money goes out. Can you help me find the mandate in the app, check the merchant name/payment history, and tell me how to cancel it if it looks dodgy or what to do if it’s already been taken?"
uk_freelance_designer,direct_debit_unrecognized,poor_internet_connection,"Hi, I’ve got a Direct Debit attempt in my Revolut I dont recognise and I want to stop it before more money goes out. The app keeps failing on my dodgy connection, so can you help me find the mandate, check the merchant name/payment history, and tell me how to cancel it or what to do if its already been taken or looks fraudulent?"
uk_freelance_designer,direct_debit_unrecognized,anxious_security_fear,"Hi, Ive just seen a Direct Debit attempt in Revoult that I dont recognise and Im really worried 😕 Can you help me find the mandate in the app, check who the merchant is and whether its had any past payments, and tell me how to cancel it asap if needed? If its already gone out or looks fraudulent, what should I do next, please I really need some reassurance."
uk_freelance_designer,direct_debit_unrecognized,confused_by_app_updates,"Hi, I can see a direct debit attempt on my Revolut that I dont recognise and I need to stop it before anything else gets taken. The app looks different from the instructions Im finding, so could you point me to where the direct debit mandate is now, how to check the merchant name/payment history, and how to cancel it if needed?"
uk_freelance_designer,direct_debit_unrecognized,angry_after_waiting,"Ive got a Direct Debit attempt in Revolut I dont recognise and I want it stopped before any money goes out, now. Tell me where to find the mandate in the app, how to check the merchant and past payments, and how to cancel it straight away if needed — and what I do if its already been taken or looks fraudulent."
uk_freelance_designer,negative_balance_after_offline_payment,empty,"Hi, my Revolut balance has gone negative after a few card payments from my trip abroad came through days later. Can you explain why that happens and how I can check which transactions posted late, add money to cover it, and flag anything that looks wrong? Cheers"
uk_freelance_designer,negative_balance_after_offline_payment,poor_internet_connection,"Hi, my Revolut balance has gone negative after a couple of card payments from my trip abroad finally posted days later, which is a bit random. I’ve got patchy internet so the app keeps failing to load—can you explain why this happens and tell me how I can check the transactions and top up to cover it if needed? Cheers"
uk_freelance_designer,negative_balance_after_offline_payment,anxious_security_fear,"Hi, my Revolut balance has gone negative after a few card payments from abroad posted days later, and I’m really anxious about whether my money or data is safe. Can you explain why this happens, how I can check the delayed transactions in the app, and what I should do to top up and get it sorted?"
uk_freelance_designer,negative_balance_after_offline_payment,confused_by_app_updates,"Hi, my Revolut balance has gone negative after a couple of card payments from when I was abroad posted days later, which is a bit confusing. The app looks different to the instructions Ive found, so can you tell me where I can check those delayed transactions and how to top up to cover the negative balance?"
uk_freelance_designer,negative_balance_after_offline_payment,angry_after_waiting,"My Revolut balance has gone negative after a few card payments from abroad finally posting days later, which is honestly ridiculous. Can you explain why this happened, tell me where I can check these delayed/offline merchant transactions in the app, and what I need to do now to sort the negative balance ASAP?"
uk_freelance_designer,login_new_phone_number,empty,"Hi, I’ve changed my phone number and now I cant log in because the verification codes are still going to my old one. Can you help me get into my Revolut account and update the contact details? Cheers, I dont have access to the old SIM anymore."
uk_freelance_designer,login_new_phone_number,poor_internet_connection,"Hi, I changed my phone number and now I can’t log in because the verification codes keep going to my old one. The recovery flow is failing on my end too because my connection keeps dropping — can you help me get back in and update my contact details, even if I need to do extra verification?"
uk_freelance_designer,login_new_phone_number,anxious_security_fear,"Hi, I’ve changed my phone number and now I cant log in because the verification codes are still going to my old number — can you help me recover access and update my contact details? I’m a bit anxious as I no longer have the old SIM/device, so if you need extra verification that’s fine, I just really need to know my account and money are safe."
uk_freelance_designer,login_new_phone_number,confused_by_app_updates,"Hi, I’ve changed my phone number and now I cant log in because the verification codes are still going to my old one. The app looks different to the steps I found, so I cant find the recovery option or where to update my contact details — can you help me get back in and confirm my identity?"
uk_freelance_designer,login_new_phone_number,angry_after_waiting,"Ive changed my phone number and now Revolut keeps sending the login code to the old one, so I cant get in at all. Ive already waited ages for this — can you get me into the recovery flow and update my contact details now, or tell me exactly what verification you need if I dont have the old SIM anymore?"
uk_freelance_designer,lost_passkey_device,empty,"Hi, I lost the phone where my Revolut passkey was saved and its been factory reset, so I cant log in on my new iPhone. Can you help me recover access, remove/replace that passkey if needed, and make sure the account is secure in case someone else can still get into the old device? Cheers."
uk_freelance_designer,lost_passkey_device,poor_internet_connection,"Hi, I lost the phone my Revolut passkey was saved on and it got factory reset, so I cant log in on my new iPhone now. The recovery screens and ID upload keep failing on my dodgy connection 🙃 can you help me remove/replace that passkey, verify my identity another way, and make sure the account is secure in case the old device is still out there?"
uk_freelance_designer,lost_passkey_device,anxious_security_fear,"Hi, ive lost the phone my Revolut passkey was on and its been factory reset, so I cant log in on my new iPhone at all. Im really worried someone could still get into my account or personal data — can you help me recover access, remove that passkey if possible, and secure everything asap? cheers"
uk_freelance_designer,lost_passkey_device,confused_by_app_updates,"Hi, I stored my Revolut passkey on my old phone and its been lost/factory reset, so I cant get into my account on this new iPhone. The app looks different from the help steps Im finding and I cant see where to remove/replace the passkey or start login recovery — can you point me in the right place and help secure the account if needed?"
uk_freelance_designer,lost_passkey_device,angry_after_waiting,"My Revolut passkey was on a phone thats now lost/reset and I cant log in on my new iPhone at all. Ive waited ages for help - please tell me how to remove/replace the dead passkey, verify me another way, and secure the account now in case someone else still has access."
uk_freelance_designer,mobile_verification_code_not_received,empty,"Hi, I’m trying to log in to my Revolut app but the verification code never arrives 😅 I’ve checked a few times and it still doesnt come through — can you help me figure out if my number format/country code is right and what to do next?"
uk_freelance_designer,mobile_verification_code_not_received,poor_internet_connection,"Hi, Im trying to log in/sign up on the app but the verification code never arrives, and my connection is rubbish so the screen keeps failing too 🙃 Could you help me check if my phone number/country code is right and what to try if the SMS or call is being blocked?"
uk_freelance_designer,mobile_verification_code_not_received,anxious_security_fear,"Hi, Im trying to sign up/log in and the Revolut verification code just isnt arriving 😟 Ive checked a few times now and Im getting a bit anxious about whether my money/data is safe — can you please tell me what to check on the number format/country code, SIM, and any call/message blocking, and whether its safe to request another code or use recovery? Cheers."
uk_freelance_designer,mobile_verification_code_not_received,confused_by_app_updates,"Hey, Im trying to log in/sign up on the app but the verification code just never arrives. The instructions Im seeing dont match my screen at all now, so I cant find where to check the phone number format/country code or the SMS/call options — can you help me work out what Im missing?"
uk_freelance_designer,mobile_verification_code_not_received,angry_after_waiting,"Im trying to log in and the Revolut verification code still hasnt arrived, even after waiting ages. Ive checked the number format already — can you just tell me what to do right now to get the code sorted?"
uk_freelance_designer,account_restricted_card_blocked,empty,"Hi, my Revolut account seems restricted — card payments are failing and transfers are blocked, and the app just says my info is under review. Can you let me know what I need to do to get this sorted, cheers?"
uk_freelance_designer,account_restricted_card_blocked,poor_internet_connection,"Hi, my Revolut app says my info is under review and now card payments and transfers are blocked. I’m trying to upload the docs it asked for but the screen keeps failing on my dodgy connection — can you tell me whats going on and what I need to send so this gets sorted?"
uk_freelance_designer,account_restricted_card_blocked,anxious_security_fear,"Hi, my Revolut account seems restricted and Im really worried — card payments are failing, trasnfers are blocked, and the app just says my info is under review. Can you please explain whats going on and reassure me my money/personal data is safe?"
uk_freelance_designer,account_restricted_card_blocked,confused_by_app_updates,"Hi, my Revolut account seems restricted — card payments are failing and transfers are blocked, but the app just says my info is under review. The help article i found doesnt match my app anymore, so i cant even find where to check whats needed 😕 Can you tell me what I should look for and whether this will clear once the review is done?"
uk_freelance_designer,account_restricted_card_blocked,angry_after_waiting,"Why is my revoult account still restricted? Card payments are failing, trasnfers are blocked, and the app just says my info is under review — ive already waited ages and need a proper fix now, not the usual holding message."
uk_freelance_designer,savings_withdrawal_pending,empty,"Hi, I withdrew money from my Revolut Savings account earlier but it’s still showing as pending and hasn’t landed in my main balance yet. Can you let me know how long this normally takes, where I can check the withdrawal status in the app, and if weekends/holidays can delay it? Cheers."
uk_freelance_designer,savings_withdrawal_pending,poor_internet_connection,"Hi, I withdrew money from my Savings account this morning but its still pending and not showing in my main balance — bit annoying as my app keeps failing on this dodgy connection 😅 Can you tell me where to check the withdrawal status and if weekends/holidays can delay it?"
uk_freelance_designer,savings_withdrawal_pending,anxious_security_fear,"Hi, I’ve withdrawn money from my Savings account but it’s still pending and not showing in my main balance — is that normal? I’m a bit anxious tbh, can you reassure me it’s safe and tell me where I can check the status, especially if weekends or bank holidays can delay it?"
uk_freelance_designer,savings_withdrawal_pending,confused_by_app_updates,"Hey, I withdrew some money from my Savings account but it’s still showing as pending and not in my main balance yet. The app looks different to the steps I found so I cant see where to check the withdrawal status — can you point me to the right place and tell me if weekends/holidays can slow it down? Cheers"
uk_freelance_designer,savings_withdrawal_pending,angry_after_waiting,"I moved money out of my Savings account ages ago and it’s still stuck as pending, not in my main balance yet. Can you tell me exactly why this is taking so long, where I can check the withdrawal status in the app, and if weekends/holidays are delaying it — because I need this sorted now, cheers."
uk_freelance_designer,pocket_bill_not_enough_money,empty,"Hi, one of my subscription bills failed because my Bills Pocket didnt have enough money in it — can you explain how Revolut takes Direct Debits from a Pocket, and how I can top it up or change the recurring transfer so it doesnt happen again? Also, if needed, how do I move the bill back to my main account and check upcoming payments so the Pocket stays sorted?"
uk_freelance_designer,pocket_bill_not_enough_money,poor_internet_connection,"Hi, one of my bills failed from my Bills Pocket cos it didnt have enough money in it. Can you explain how Revolut takes Direct Debits/subscriptions from the Pocket, how I can top it up or tweak the recurring transfer, and if I need to move the payment back to my main account? Cheers — my connection keeps dropping so the app screens keep failing 🙃"
uk_freelance_designer,pocket_bill_not_enough_money,anxious_security_fear,"Hey, one of my bills failed from my Bills Pocket because it didnt have enough in it 😅 Can you explain how Revolut handles Direct Debits from a Pocket, and how I can top it up or tweak the recurring transfer so it stays funded? Also, if needed, can I move the bill back to my main account and check upcoming payments so Im not messing this up again — just want to make sure my money and details are safe, cheers."
uk_freelance_designer,pocket_bill_not_enough_money,confused_by_app_updates,"Hi, one of my subscriptions failed because my Bills Pocket didnt have enough in it, and the app layout looks totally different to the help article I found 🙃 Can you tell me where to top up the Pocket, adjust the recurring transfer, and move the bill back to my main account if needed? Also how do I check upcoming payments so this doesnt happen again?"
uk_freelance_designer,pocket_bill_not_enough_money,angry_after_waiting,"My Bills Pocket just bounced a subscription because it didnt have enough money, and ive already waited ages for help — can you tell me exactly how Revolut handles bill payments from a Pocket, how to top it up or change the recurring transfer into it, and how to move the bill back to my main account if needed? I need to see upcoming payments too so this doesnt keep happening, cheers."
uk_freelance_designer,paid_plan_missed_payment,empty,"Hi, my paid Revolut plan payment failed and Im a bit worried about losing the benefits or getting hit with downgrade fees 😅 Can you check the billing status, tell me how to add funds to pay the missed subscription, and what happens to my next payment date/plan end date if it stays unpaid? Also, do partner perks, insurance and the plan card stop straight away if it downgrades?"
uk_freelance_designer,paid_plan_missed_payment,poor_internet_connection,"Hi, my paid Revolut plan payment failed and Im worried Ill lose the benefits or get hit with downgrade fees 😕 Can you check the billing status, tell me how to top up so the missed subscription gets paid, and confirm the next payment date/plan end date? Also what happens to partner benefits, insurance and the plan cards if it stays unpaid or gets downgraded, cheers."
uk_freelance_designer,paid_plan_missed_payment,anxious_security_fear,"My paid plan payment failed and Im panicking a bit — can you check the billing status, tell me how to add funds to cover the missed subscription, and confirm when the next payment date and plan end date are? Also, if it stays unpaid or gets downgraded, what happens to partner benefits, insurance and my plan cards? I just want to make sure my money and data are safe, cheers."
uk_freelance_designer,paid_plan_missed_payment,confused_by_app_updates,"Hi, my paid Revolut plan payment failed and the app looks totally different from the help steps I found, so I cant find where to check the billing status or add funds to pay the missed subscription. Can you tell me what happens to my partner benefits, insurance and plan card if it stays unpaid, and what my next payment date and plan end date are?"
uk_freelance_designer,paid_plan_missed_payment,angry_after_waiting,"My paid Revolut plan payment failed and Ive been waiting ages for this to be sorted — can you tell me right now if my plan is still active, how to add funds to cover the missed subscription, and what the next payment/date end is? Also what happens to partner benefits, insurance and my plan card if it stays unpaid or gets downgraded?"
uk_freelance_designer,referral_reward_missing,empty,"Hi, I invited a friend to Revolut expecting the referral reward but it still hasnt shown up — can you check if the campaign conditions were actually met? I’m not sure if they used the right invite link, added money, ordered/activated the physical card if needed, and made the qualifying purchases before the deadline."
uk_freelance_designer,referral_reward_missing,poor_internet_connection,"Hi, I referred a mate to Revolut but the reward still hasnt shown up. My internet keeps cutting out so the app screens are a bit all over the place 😅 can you check if they used the right invite link and met all the steps like adding money, ordering/activating the card if needed, and making the qualifying purchases before the deadline?"
uk_freelance_designer,referral_reward_missing,anxious_security_fear,"Hi, I’m a bit anxious about my referral reward not showing up — can you check if the invite was used properly and whether my friend met all the campaign steps? I’m worried I’ve missed something or my details are at risk, so if you can reassure me that would be amazing, cheers."
uk_freelance_designer,referral_reward_missing,confused_by_app_updates,"Hi, I invited a mate to Revolut ages ago and was expecting the referral reward, but it still hasnt shown up. The app layout looks different from the help steps I found, so I cant find where to check if they used the right invite link or met the card/top up/purchase requirements before the deadline — can you help me see whats missing?"
uk_freelance_designer,referral_reward_missing,angry_after_waiting,"I invited a mate to Revolut ages ago and the referral reward still hasnt shown up — can you check right now if the invite link was used properly and if all the requirements were met? Theyve added money and used the app, so tell me exactly whats missing, if theres some card activation or purchase condition I need to know about, and whether Im only getting a smaller reward or nothing at all."
uk_freelance_designer,travel_insurance_claim_documents,empty,"Hi, I need to make a travel insurance claim for delayed baggage but Im not sure what docs I need to upload. Can you point me to where to start in the app and tell me what evidence they usually ask for? Cheers."
uk_freelance_designer,travel_insurance_claim_documents,poor_internet_connection,"Hi, I’m trying to start a travel insurance claim for delayed baggage but the app keeps failing on upload 😕 Can you tell me exactly what docs I need to submit in the insurance section, and if there’s a way to save it so I can finish later?"
uk_freelance_designer,travel_insurance_claim_documents,anxious_security_fear,"Hi, I need to make a travel insurance claim for delayed baggage but I’m honestly a bit panicked about what docs I need and if my details are safe 😅 Can someone tell me how to start it in the app and exactly what proof to upload — flight/travel docs, baggage delay confirmation, airline report, receipts for essentials, anything else? Cheers, just want to get it sorted without messing it up."
uk_freelance_designer,travel_insurance_claim_documents,confused_by_app_updates,"Hi, I’m trying to start a travel insurance claim for delayed baggage, but the app looks different to the steps I found and I cant find the right section. Could you point me to where I start the claim in Revolut and tell me which docs I need to upload, cheers?"
uk_freelance_designer,travel_insurance_claim_documents,angry_after_waiting,"Ive been waiting ages for this — can you tell me exactly how to start a travel insurance claim for delayed baggage in the app and what docs you need from me now? I need the full list please: travel docs, receipts, baggage delay confirmation, airline report and proof of extra expenses, and if the insurer can still ask for more evidence before deciding, just say it clearly so I can get this sorted."
uk_freelance_designer,airport_lounge_pass_issue,empty,"Hi, I bought an airport lounge pass in Revolut but the lounge staff cant scan it and are saying its not valid. Can you help me find the pass in the app and check the airport, terminal, passenger details, date and terms of use, and also let me know if it can be cancelled or refunded if I couldnt use a valid one? Cheers."
uk_freelance_designer,airport_lounge_pass_issue,poor_internet_connection,"Hi, I bought an airport lounge pass in Revolut but the lounge staff cant scan it and keep saying its not valid. My connection is patchy so the app is failing a bit too — can you help me find the pass, check the airport/terminal, passenger details and date, and tell me if it can be cancelled or refunded? Cheers, and if I need to send proof of the issue, what should I collect?"
uk_freelance_designer,airport_lounge_pass_issue,anxious_security_fear,"Hi, I bought an airport lounge pass in Revolut but the staff cant scan it and theyre saying it’s not valid — can you help me check the airport, terminal, passenger details and date in the app, and tell me if it can be cancelled or refunded? I’m a bit anxious tbh, because I don’t know if my money or personal data is at risk, so if it’s a valid pass but I couldnt use it, what evidence should I collect?"
uk_freelance_designer,airport_lounge_pass_issue,confused_by_app_updates,"Hi, I bought an airport lounge pass in Revolut but the lounge staff cant scan it and said it looks invalid. The app layout seems totally different to the instructions I found, so I cant even find the pass properly — can you help me check the airport/terminal, passenger details and date, and tell me if it can be cancelled or refunded if it wasnt usable?"
uk_freelance_designer,airport_lounge_pass_issue,angry_after_waiting,"I bought an airport lounge pass in Revolut and the lounge staff are saying it wont scan / isnt valid, after Ive already waited ages for help. Can you check the pass details in my app (airport, terminal, passenger name, date and terms), tell me if it can be cancelled or refunded, and what proof I need if I couldnt use a valid pass?"
uk_freelance_designer,esim_activation_failed,empty,"Hi, Ive bought a Revolut eSIM for my trip but it wont install or activate on my iPhone. Can you help me check if my phone supports eSIM and what I need to do to get it sorted?"
uk_freelance_designer,esim_activation_failed,poor_internet_connection,"Hi, I bought a Revolut eSIM for my trip but it wont install or activate on my iPhone - the screens keep failing because my connection is a bit rubbish 😩 Can you help me check if my phone supports eSIM and what I need to do to get it working?"
uk_freelance_designer,esim_activation_failed,anxious_security_fear,"Hi, Ive bought the Revolut eSIM data plan for my trip but it wont install or activate on my iPhone, and Im getting a bit anxious it might mean my money or data is at risk 😕 Can you help me check if my phone supports eSIM, that its unlocked and connected properly, and what I need to do if Ive paid but the plan still wont work?"
uk_freelance_designer,esim_activation_failed,confused_by_app_updates,"Hi, I bought an eSIM data plan for my trip but it wont install or activate on my iPhone, and the app layout looks different from the instructions so I cant find the right bit 😅 Can you help me check if my phone supports eSIM and what to do if the plan is paid for but still unusable?"
uk_freelance_designer,esim_activation_failed,angry_after_waiting,"Ive bought the Revolut eSIM data plan and it still wont install or activate on my iPhone, which is honestly ridiculous after waiting this long. Can you tell me exactly what to check right now — whether my device supports eSIM, if it needs to be unlocked and online, how to install it properly, and whether I need to label it / turn on roaming or mobile data for it? If the plan is paid for but unusable, I need this sorted immediately."
uk_freelance_designer,crypto_withdrawal_pending,empty,"Hey, I withdrew crypto from Revolut to my external wallet but its still pending and the address hasnt received anything yet. Can you check if I picked the right network/address, if there are any limits or fees I should know about, and whether its waiting on confirmations or a security check? Cheers."
uk_freelance_designer,crypto_withdrawal_pending,poor_internet_connection,"Hi, I withdrew crypto from Revolut to my external wallet but its still pending and the address hasnt received anything yet. Can you check if I picked the right network/wallet address, whether there are any limits/fees or extra checks needed, and if the blockchain confirmations are whats delaying it? My connection keeps dropping so the app is a bit of a nightmare rn 🙃"
uk_freelance_designer,crypto_withdrawal_pending,anxious_security_fear,"Hi, I withdrew crypto from Revolut to my external wallet but its still pending and the address hasnt received anything yet — can you check if I picked the right network/address and if there are any limits, fees, or security checks holding it up? Im a bit worried my money or data is at risk, so please reassure me whats going on and what I should do if it stays pending or fails, cheers."
uk_freelance_designer,crypto_withdrawal_pending,confused_by_app_updates,"Hi, I withdrew crypto from Revolut to an external wallet but it’s still pending and the address hasnt received anything. The app looks different from the help article I found, so I cant even find where to check the network, wallet address, fees or any security checks — could you help me see whats going on and what to do if it stays pending?"
uk_freelance_designer,crypto_withdrawal_pending,angry_after_waiting,"My crypto withdrawal from Revolut to an external wallet is still pending and the address hasnt received anything, can you check the selected network, wallet address, limits and fees, and whether any extra wallet owner info or security checks are blocking it? Ive waited ages already so I need a clear answer now — if its failed or stuck pending, what exactly do I do next?"
uk_freelance_designer,trading_order_pending,empty,"Hi, I placed a stock buy order in Revolut Trading but its still pending and the shares arent showing in my portfolio. Can you tell me why its not gone through yet and what might be stopping it — market hours, order type, not enough available cash, fractional share rules, trading halts, or sell-only restrictions?"
uk_freelance_designer,trading_order_pending,poor_internet_connection,"Hi, I placed a stock buy order in Revolut Trading but it’s still pending and the shares arent showing in my portfolio. My connection is a bit rubbish and the app keeps failing, so can you tell me if it’s just waiting on market hours/available cash or if there’s another reason it wont execute?"
uk_freelance_designer,trading_order_pending,anxious_security_fear,"Hi, I placed a stock buy order in Revolut Trading but it’s still pending and the shares arent showing in my portfolio, which is making me a bit anxious — can you please confirm my money and data are safe and explain why the order might be waiting or get cancelled? Cheers."
uk_freelance_designer,trading_order_pending,confused_by_app_updates,"Hi, I placed a stock buy order in Revolut Trading but its still pending and I cant see the shares in my portfolio. The app looks different from the help article I found so I cant work out where to check the order details or whether its just waiting for market hours / cash / fractional share rules."
uk_freelance_designer,trading_order_pending,angry_after_waiting,"Why is my stock buy order still pending in Revolut Trading and not showing in my portfolio? Ive already waited ages - can someone tell me exactly what the hold up is and sort it out now, cheers."
es_digital_nomad,identity_passport_upload,empty,"Holaaa, my account got temporarily limited and the app says I need to upload my passport, but I can’t find where to do it. My card isn’t working now, so can you tell me how to open the request, take the photo properly in the app, and what happens after I submit it?"
es_digital_nomad,identity_passport_upload,poor_internet_connection,"Holaaa, mi cuenta está limitada por la review de seguridad/identity y la app me pide passport, pero no encuentro dónde subirlo y mi card ya no funciona. Con mi internet inestable se me cae la pantalla al intentar el upload, ¿me puedes decir exactamente dónde abrir la request, cómo hacer la photo bien clara y enviarlo de forma segura para que lo reviséis y me devolváis el acceso?"
es_digital_nomad,identity_passport_upload,anxious_security_fear,"Holaaa, mi cuenta está limitada y la app me pide un documento de identidad, pero no encuentro dónde subir el passport y mi card ya no funciona 😰 ¿Me podéis guiar paso a paso para abrir la request, sacar una foto clara y enviarlo de forma segura? Estoy muy nerviosa, ¿mi dinero y mis datos están a salvo mientras revisáis esto?"
es_digital_nomad,identity_passport_upload,confused_by_app_updates,"Holaaa, mi cuenta está temporalmente limitada y la app me pide un passport/ID, pero la interfaz ha cambiado y no encuentro dónde subirlo. Además mi card no funciona ahora mismo, ¿me podéis decir exactamente dónde abrir el request en la app y cómo mandar la foto del documento de forma segura?"
es_digital_nomad,identity_passport_upload,angry_after_waiting,"Holaaa, llevo horas con la cuenta limitada y el card no funciona, y la app me pide passport pero no encuentro dónde subirlo. Decidme ya, please, cómo abrir la solicitud in-app y enviar la foto bien para que revisen mi documento y me restauren el acceso cuanto antes."
es_digital_nomad,proof_of_address_rejected,empty,"Holaaa, he intentado verificar mi dirección en Revolut pero me han rechazado el proof of address y no entiendo por qué. Subí una captura de una factura online; ¿me podéis decir qué documentos aceptáis y si mi nombre y dirección tienen que coincidir exacto con el perfil?"
es_digital_nomad,proof_of_address_rejected,poor_internet_connection,"Holaaa, intenté verificar mi address en Revolut pero me rechazaron el proof of address y subí un screenshot de una factura online. No entiendo qué fallo exactamente; ¿me podéis decir qué documentos aceptan, si el nombre y la dirección tienen que coincidir exacto con mi perfil, y cómo lo reenvío bien porque con mi conexión se me queda a medias y falla la upload?"
es_digital_nomad,proof_of_address_rejected,anxious_security_fear,"Holaaa, I tried to verify my address and my proof of address got rejected, and now I’m súper anxious thinking if my data or money is at risk... Can you tell me why a screenshot of an online bill isn’t accepted, what documents you do accept, and if my name and address need to match exactly in the profile? I just want to resubmit it properly through the verification flow, please."
es_digital_nomad,proof_of_address_rejected,confused_by_app_updates,"Holaaa, intenté verificar mi address en Revolut pero me rechazaron el proof of address y subí una screenshot de una online bill porque era lo que tenía. Ahora la app se ve diferente a las instrucciones que encontré y no encuentro dónde resubir el documento ni qué tipo de proof aceptáis, me ayudas porfa?"
es_digital_nomad,proof_of_address_rejected,angry_after_waiting,"Holaaa, llevo muchísimo esperando y me han rechazado el proof of address sin explicación clara. Subí una screenshot de una bill online y no sé qué documento vale ni si mi nombre y address tienen que match exacto con el perfil; quiero una solución ya y saber cómo resubirlo bien en la verification flow."
es_digital_nomad,source_of_funds_review,empty,"Holaaa, me llegó una solicitud de documentos por source of funds después de varios transfers grandes y estoy un poco preocupada de que me cierren la cuenta. ¿Me podéis decir exactamente qué proof aceptáis? Tipo nóminas, tax returns, bank statements, contrato de venta o lo que haga falta para justificar el dinero, y que los docs tengan que encajar bien con las transacciones revisadas."
es_digital_nomad,source_of_funds_review,poor_internet_connection,"Holaaa, Revolut me ha pedido documentos sobre el source of funds después de varios transfers grandes y estoy con internet fatal, se me cae la pantalla al subirlos. Me preocupa que cierren la cuenta y no sé exactamente qué proof necesitan: ¿pueden pedir salary slips, tax docs, bank statements o sale contracts según de dónde venga el dinero?"
es_digital_nomad,source_of_funds_review,anxious_security_fear,"Holaaa, me acaba de salir una request de proof of source of funds por varios transfers grandes y estoy muy anxious, ¿me pueden decir exactamente qué docs need? No quiero que me cierren la cuenta ni que mis datos estén en riesgo, y necesito saber si valen nóminas, tax docs, bank statements o contratos de venta para justificar el money."
es_digital_nomad,source_of_funds_review,confused_by_app_updates,"Holaaa, me llegó una request de proof of source of funds por varios transfers grandes y estoy un poco lost porque la app ahora se ve diferente a lo que vi en las instrucciones. ¿Qué documentos exactos necesito subir para que quede claro de dónde viene el dinero y evitar que me cierren la cuenta?"
es_digital_nomad,source_of_funds_review,angry_after_waiting,"Holaaa, llevo un montón esperando y ya estoy bastante harta: me habéis pedido documentos por el source of funds de varios transfers grandes y necesito una respuesta clara ya, ¿qué proof exacta tengo que subir para que no me cierren la cuenta? Si puede ser, decidme qué vale según el origen del dinero: salary slips, tax docs, bank statements, sale contract o lo que sea, pero que se vea bien la relación con las transacciones under review."
es_digital_nomad,card_payment_declined_enough_funds,empty,"Holaaa, acabo de intentar pagar en una tienda con mi Revolut y me lo ha declined aunque tengo saldo suficiente. ¿Me podéis decir qué puede estar pasando en la app—si es por security settings, spending limits, card frozen, location, PIN o algún merchant restriction—y qué puedo cambiar antes de volver a probar?"
es_digital_nomad,card_payment_declined_enough_funds,poor_internet_connection,"Holaaa, estoy en una tienda intentando pagar con mi Revolut card y me lo declina aunque tengo saldo suficiente, qué puede estar pasando? Mi conexión va fatal y en la app se me quedan cargando las pantallas, así que no puedo ver si es por card security, límites, tarjeta congelada o alguna restriction del merchant."
es_digital_nomad,card_payment_declined_enough_funds,anxious_security_fear,"Holaaa, acabo de intentar pagar en una tienda con mi Revolut y me lo han declined aunque tengo dinero suficiente, y estoy bastante nerviosa porque parece un tema de seguridad o de mis datos. ¿Me podéis decir qué puedo revisar en la app antes de volver a probar — card freeze, spending limits, location security o algo así — y si mi money sigue totalmente safe?"
es_digital_nomad,card_payment_declined_enough_funds,confused_by_app_updates,"Holaaa, estoy intentando pagar en una tienda con mi Revolut card y me lo declina aunque tengo saldo de sobra. He mirado unas instrucciones pero la app ahora se ve distinta y no encuentro dónde revisar si es por seguridad, límites, tarjeta frozen o alguna restriction del merchant antes de volver a probar."
es_digital_nomad,card_payment_declined_enough_funds,angry_after_waiting,"Holaaa, acabo de intentar pagar en una tienda y me han rechazado la tarjeta aunque tengo saldo de sobra, y ya estoy harta de esperar. ¿Me podéis decir YA qué puede estar bloqueando el pago en la app — si es la card freeze, spending limit, merchant restriction, PIN, location security o una temporary security decline — y qué tengo que cambiar para poder pagar ahora mismo?"
es_digital_nomad,apple_pay_card_add_failed,empty,"Holaaa, no consigo añadir mi tarjeta de Revolut a Apple Pay porque me sale un error en la verificación. ¿Me podéis decir qué revisar en la app para ver si la tarjeta está activa, si mi iPhone y Revolut están updated, y si tengo que poner el card desde la app en vez de manualmente?"
es_digital_nomad,apple_pay_card_add_failed,poor_internet_connection,"Holaaa, estoy intentando añadir mi Revolut a Apple Pay en el iPhone pero me sale un error en la verificación y con mi conexión va fatal, se quedan cargando las pantallas. ¿Me podéis decir qué revisar para que funcione? He actualizado la app pero no sé si la tarjeta está active o si tengo que hacerlo desde la app de Revolut en vez de meter los datos a mano."
es_digital_nomad,apple_pay_card_add_failed,anxious_security_fear,"Holaaa, intento añadir mi tarjeta de Revolut a Apple Pay pero me sale error en la verificación y estoy bastante asustada, ¿puede ser un problema de seguridad con mi money o mis datos? ¿Me podéis decir qué revisar para que funcione, si la tarjeta está activa/no bloqueada, si tengo que actualizar iOS y la app, y si el código de confirmación debe llegar al número de mi cuenta?"
es_digital_nomad,apple_pay_card_add_failed,confused_by_app_updates,"Holaaa, no consigo añadir mi Revolut card a Apple Pay porque me sale un error en la verification y la app se ve diferente a las instrucciones que encontré, así que no encuentro dónde revisar si mi card is eligible o cómo volver a intentarlo desde la app. ¿Me podéis decir los pasos correctos para mi iPhone y qué comprobar en iOS/Revolut para arreglarlo?"
es_digital_nomad,apple_pay_card_add_failed,angry_after_waiting,"Holaaa, llevo un buen rato intentando añadir mi Revolut a Apple Pay y me sale un error en la verificación, ya estoy cansada de esperar. Please tell me ya qué tengo que revisar: si mi iPhone es compatible, si la app y iOS están actualizados, si la tarjeta está activa y no bloqueada, y si el número para los codes de confirmación es el correcto; quiero una solución clara ahora, no otra espera."
es_digital_nomad,virtual_card_not_working,empty,"Holaaa, he creado una virtual card para una compra online pero el merchant la rechaza siempre y no sé qué falla. ¿Me podéis ayudar a ver si es una standard o single-use card, si tengo online payments enabled, y si el billing address/card details están bien?"
es_digital_nomad,virtual_card_not_working,poor_internet_connection,"Holaaa, creé una virtual card para una compra online pero el merchant me la está rechazando una y otra vez y encima con mi conexión se me corta todo, qué fastidio. Me podéis ayudar a ver si es una standard virtual card o una single-use, si tengo online payments enabled y si estoy metiendo bien billing address y los card details?"
es_digital_nomad,virtual_card_not_working,anxious_security_fear,"Holaaa, creé una virtual card para un pago online pero el merchant la rechaza y me estoy rayando un poco, ¿pueden confirmarme si es una standard virtual card o una single-use y si tengo online transactions enabled? También quiero asegurarme de que el billing address y los card details están bien, porque me preocupa que mi dinero o mis datos estén en riesgo, please no pasa nada, solo necesito saber si es normal que algunos merchants o subscriptions no acepten este tipo de card."
es_digital_nomad,virtual_card_not_working,confused_by_app_updates,"Holaaa, hice una virtual card para pagar online pero el merchant la rechaza siempre y creo que la app me sale distinta a las instrucciones que vi, así que no encuentro dónde ver si es standard o single-use ni si tengo online payments activados. Me podéis ayudar a revisar también si el billing address y los card details están bien, porque igual el problema es que ese merchant no acepta este tipo de card?"
es_digital_nomad,virtual_card_not_working,angry_after_waiting,"Holaaa, he creado una virtual card para una compra online y el merchant la sigue rechazando, estoy ya cansada de esperar. Quiero una solución clara ya: cómo ver si es normal virtual o single-use, si tengo online payments enabled y si el billing address y los card details están bien, porque necesito pagar esto ahora mismo."
es_digital_nomad,lost_stolen_card_freeze,empty,"Holaaa, he perdido mi tarjeta física de Revolut mientras viajaba y me preocupa que alguien la use. ¿Me podéis decir cómo freezing the card ya en la app, revisar los últimos movimientos y pedir una replacement card? Mientras tanto, ¿puedo seguir pagando con virtual cards o Apple Pay, vale?"
es_digital_nomad,lost_stolen_card_freeze,poor_internet_connection,"Holaaa, he perdido mi physical card viajando y me da mal rollo que alguien la use. La app me está fallando por la conexión, pero necesito freeze it ya, revisar movimientos recientes y saber cómo reportar cualquier payment raro y pedir replacement card a la dirección correcta."
es_digital_nomad,lost_stolen_card_freeze,anxious_security_fear,"Holaaa, I’ve lost my physical Revolut card while travelling and I’m really anxious someone could use it, can you help me freeze it in the app right now and check if there are any weird transactions? I need to know how to report any fraud, order a replacement to the right address, and keep using my virtual cards or Apple Pay meanwhile, please tell me it’s all under control, no pasa nada?"
es_digital_nomad,lost_stolen_card_freeze,confused_by_app_updates,"Holaaa, he perdido mi physical Revolut card viajando y me preocupa que alguien la use. La app me sale diferente a lo que veo en las instrucciones y no encuentro dónde freeze the card ni ver las recent transactions para reportar si hay algún fraud payment; también necesito pedir una replacement card a la address correcta y saber si mientras tanto puedo seguir pagando con virtual cards o Apple Pay."
es_digital_nomad,lost_stolen_card_freeze,angry_after_waiting,"Hola, he perdido mi tarjeta física viajando y necesito bloquearla ya en la app porque me da miedo que alguien la use. También quiero revisar las últimas transacciones, reportar cualquier cargo raro y pedir una replacement card al address correcto si hace falta; meanwhile, puedo seguir pagando con virtual cards o Apple Pay, vale?"
es_digital_nomad,atm_withdrawal_pending,empty,"Holaaa, intenté sacar cash en un ATM y no me dio el dinero, pero en Revolut me sale como pending. ¿Es normal? Me da un poco de ansiedad porque necesito saber si se va a reversar solo o qué hacer si finalmente se completa sin que reciba nada."
es_digital_nomad,atm_withdrawal_pending,poor_internet_connection,"Holaaa, intenté sacar cash en un ATM y no me dio nada pero en Revolut sale como pending, y con mi conexión malísima no me carga bien la info ni me deja subir nada. ¿Es normal que tarde en resolverse? Si al final se completa sin que reciba el dinero, qué datos necesitáis para revisarlo?"
es_digital_nomad,atm_withdrawal_pending,anxious_security_fear,"Holaaa, acabo de intentar sacar cash en un ATM y no me dio nada, pero en Revolut me sale como pending y estoy súper nerviosa, ¿es normal? Me preocupa que mi money o mis datos estén en riesgo, porfa dime si tengo que hacer algo ya o si solo hay que esperar a que el ATM operator lo reverse."
es_digital_nomad,atm_withdrawal_pending,confused_by_app_updates,"Holaaa, ayer intenté sacar cash en un ATM y no me dio el dinero, pero en Revolut me sale como pending. La app me ha cambiado la interfaz y no encuentro dónde ver o reportar esto, ¿me podéis decir qué hago y si tengo que esperar a que se actualice?"
es_digital_nomad,atm_withdrawal_pending,angry_after_waiting,"Hola, estoy súper enfadada porque fui a un ATM, no me dio el cash y en Revolut sigue saliendo como pending desde hace un montón. ¿Me podéis decir ya si se va a revertir solo o qué tengo que hacer?"
es_digital_nomad,card_refund_missing,empty,"Holaaa, devolví un artículo y la tienda me dijo que ya hicieron el refund, pero en mi balance de Revolut no aparece nada todavía. ¿Me podéis ayudar a revisar la original transaction y decirme si esto puede tardar o si ya toca hablar con el merchant?"
es_digital_nomad,card_refund_missing,poor_internet_connection,"Holaaa, devolví un pedido y la tienda me dijo que ya hicieron el refund, pero no me aparece en mi Revolut balance todavía. ¿Me podéis help a revisar la transacción original y decirme cuánto tarda normalmente en llegar? Mi conexión va fatal y no me cargan bien las pantallas, sorry."
es_digital_nomad,card_refund_missing,anxious_security_fear,"Holaaa, devolví un pedido y el merchant me dijo que ya hicieron el refund, pero no veo el money en mi Revolut y me estoy rayando un poco por si pasa algo raro con mis datos o con la tarjeta. ¿Podéis revisar la original transaction y decirme si un card refund puede tardar y aparecer linked al pago, y cuándo debería pedir la confirmación al merchant o abrirlo con Revolut si ya pasó el tiempo?"
es_digital_nomad,card_refund_missing,confused_by_app_updates,"Holaaa, devolví un artículo y el merchant says the refund was issued, but I still don’t see it in my Revolut balance. The app looks different from the instructions I found, so I can’t find where to check the original payment or the refund status—can you tell me what to look for and when I should contact the merchant vs Revolut?"
es_digital_nomad,card_refund_missing,angry_after_waiting,"Holaaa, ya devolví un artículo y el merchant dice que el refund was issued, pero el dinero no aparece en mi balance de Revolut. Quiero que me digáis ya dónde está ese reembolso y si está vinculado al pago original, porque llevo muchísimo esperando y necesito una resolución clara ahora mismo."
es_digital_nomad,chargeback_case_update,empty,"Holaaa, disputed a card payment because the merchant never delivered the goods, pero no he recibido ninguna update del chargeback case en la app. Can you explain how the dispute process works and what evidence you might need from me, and if there’s any idea of the timeline?"
es_digital_nomad,chargeback_case_update,poor_internet_connection,"Holaaa, disputé un card payment porque el merchant nunca me entregó el pedido, pero no me sale ninguna update del chargeback case y la app me está fallando con la conexión. ¿Me podéis explicar cómo va el proceso y si necesito subir evidence como receipt, tracking, mensajes con el merchant o proof of cancellation?"
es_digital_nomad,chargeback_case_update,anxious_security_fear,"Holaaa, disputé un card payment porque el merchant nunca me entregó el pedido y estoy súper anxious porque no veo ninguna update del chargeback case. Me podéis explicar cómo va el dispute process y si tenéis que pedirme proof como receipt, tracking, emails with the merchant o cancellation proof?"
es_digital_nomad,chargeback_case_update,confused_by_app_updates,"Holaaa, disputed a card payment porque el merchant nunca me entregó los goods, pero en la app ahora no encuentro dónde ver el chargeback case ni el status y la interfaz me sale diferente a las instructions que vi. Me podéis explicar cómo va el dispute process y qué evidence needan, porque no sé si tengo que subir receipts, tracking, emails con el merchant o cancellation proof?"
es_digital_nomad,chargeback_case_update,angry_after_waiting,"Holaaa, ya llevo muchísimo esperando por el chargeback de una card payment que nunca recibí y necesito una respuesta clara ya. ¿Me podéis decir en qué punto está el dispute process y qué evidence os falta, si receipts, tracking, mensajes con el merchant o proof of cancellation, porque necesito saber si esto se va a resolver de una vez?"
es_digital_nomad,top_up_reverted,empty,"Holaaa, hice un top-up con mi debit card y el balance subió un momento pero luego se revirtió solo. Me podéis decir qué pudo pasar y si mejor lo intento otra vez, uso bank transfer o tengo que hablar con el emisor de la tarjeta?"
es_digital_nomad,top_up_reverted,poor_internet_connection,"Holaaa, hice un top up con mi debit card y vi el balance subir un momento, pero luego se revirtió solo 😣 La app me da errores por la conexión mala y no sé si fue un decline del issuer, un fallo de auth o si esa card no sirve para deposits. ¿Qué hago, lo reintento, mejor hago bank transfer o tengo que hablar con mi banco?"
es_digital_nomad,top_up_reverted,anxious_security_fear,"Holaaa, acabo de hacer un top up con mi debit card y el saldo subió un momento pero luego se revirtió, y estoy bastante nerviosa porque parece que mi money o mis datos pueden estar en riesgo. Me podéis decir qué pudo pasar, si es seguro volver a intentarlo o mejor hacer una bank transfer, y si tengo que hablar con mi card issuer?"
es_digital_nomad,top_up_reverted,confused_by_app_updates,"Holaaa, hice un top up con mi debit card y el balance subió un momento pero luego se revirtió, y ahora la app se ve distinta a las instrucciones que encontré y no encuentro dónde ver qué pasó. ¿Me podéis decir si fue por la card issuer, una auth fallida o si mi tarjeta no sirve para deposits, y si mejor lo intento otra vez o hago bank transfer?"
es_digital_nomad,top_up_reverted,angry_after_waiting,"Holaaa, he hecho un top-up con mi debit card, el saldo subió un momento y luego se revirtió, y llevo ya demasiado esperando una respuesta clara. Dime ya qué ha pasado, si debo reintentar, hacer bank transfer o reclamar con mi card issuer, porque esto no puede seguir así."
es_digital_nomad,bank_transfer_pending_inbound,empty,"Holaaa, un cliente me dice que ya hizo el bank transfer a mi cuenta de Revolut pero sigue pending y no me aparece en la app. ¿Podéis comprobar si usó los account details correctos y si ese tipo de transfer/currency es compatible, o decirme qué info necesitáis para rastrearlo si no llega?"
es_digital_nomad,bank_transfer_pending_inbound,poor_internet_connection,"Holaaa, I’m waiting for an incoming bank transfer to show up in Revolut but it still says pending/missing, and my connection is being súper bad so the app keeps failing. Can you help me check if the sender used the right local/international account details, if the currency and transfer type are supported, and what info you need to trace it if it doesn’t arrive soon?"
es_digital_nomad,bank_transfer_pending_inbound,anxious_security_fear,"Holaaa, estoy bastante agobiada porque me dicen que ya enviaron una transferencia a mi cuenta de Revolut pero sigue pending o missing y tengo miedo de que se haya perdido o de que mis datos estén en riesgo. ¿Me podéis confirmar si usaron los account details correctos, si esa currency y transfer type se soportan, y qué info necesitáis para tracearla si no llega pronto?"
es_digital_nomad,bank_transfer_pending_inbound,confused_by_app_updates,"Holaaa, I’m waiting for a bank transfer that the sender says was already sent, but in the app I can’t find the same options as in the help article to check my account details. Can you help me verify if the correct local or international details were used and what info I need to trace it if it still doesn’t show up?"
es_digital_nomad,bank_transfer_pending_inbound,angry_after_waiting,"Holaaa, llevo demasiado esperando una incoming transfer que me dijeron que ya salió y sigue missing/pending en Revolut, esto ya me tiene harta. ¿Me podéis decir ya si usaron los correct account details, si la currency y el transfer type son compatibles, y qué info necesitáis para tracearla si no aparece de una vez?"
es_digital_nomad,wrong_revolut_recipient_transfer,empty,"Holaaa, I sent a transfer to the wrong Revolut contact because I picked the wrong Revtag 😣 Is there any way to cancel it or ask the recipient to send it back? And if they don’t cooperate, how do I report it in the app and avoid making this mistake again?"
es_digital_nomad,wrong_revolut_recipient_transfer,poor_internet_connection,"Holaaa, I sent a transfer to the wrong Revolut contact because my connection was acting up and the screen kept failing. Can you tell me if it can be cancelled, and if not, how I can contact the recipient to ask for it back and report it if they don’t cooperate?"
es_digital_nomad,wrong_revolut_recipient_transfer,anxious_security_fear,"Holaaa, hice una trasnfer a la persona equivocada por elegir mal el contacto y ahora estoy súper anxious thinking my money and my data are at risk. ¿Se puede cancelar o revertir y cómo contacto al recipient para pedirle el money back? Ayrıca, si no coopera, ¿cómo lo reporto y qué puedo mirar antes de confirmar para que no me vuelva a pasar, vale?"
es_digital_nomad,wrong_revolut_recipient_transfer,confused_by_app_updates,"Holaaa, hice un trasnfer a la persona equivocada porque la app ahora se ve diferente y no encuentro dónde cancelar o contactar al receptor. ¿Me podéis decir si se puede pedir el dinero de vuelta y cómo reportarlo si no responde?"
es_digital_nomad,wrong_revolut_recipient_transfer,angry_after_waiting,"Holaaa, I sent a transfer to the wrong Revolut contact by mistake and I’ve been waiting ages for help, so please tell me ya if it can still be cancelled. If not, how do I contact the recipient to ask for the money back and report it if they ignore me?"
es_digital_nomad,bank_transfer_extra_info_request,empty,"Holaaa, hice una transfer y ahora Revolut me pide info extra sobre la transaction, pero no entiendo por qué la están revisando. ¿Qué datos tengo que enviar para que siga adelante?"
es_digital_nomad,bank_transfer_extra_info_request,poor_internet_connection,"Holaaa, hice un bank transfer y me pide info extra para revisar el pago, pero no entiendo qué necesitan exactamente. La pantalla se me cae por la mala conexión y los uploads fallan, así que ¿me podéis decir qué datos o docs tengo que mandar para que siga adelante?"
es_digital_nomad,bank_transfer_extra_info_request,anxious_security_fear,"Holaaa, inicié una bank transfer y ahora me pide info extra sobre la payment, pero no entiendo por qué ni si mis money and personal data are safe. Estoy súper anxious, ¿me podéis decir qué datos necesitáis exactamente y si puedo subir la purpose, relación con el recipient o un invoice para que avance?"
es_digital_nomad,bank_transfer_extra_info_request,confused_by_app_updates,"Holaaa, inicié un bank transfer y ahora Revolut me pide más info, pero la app se ve diferente a las instrucciones que encontré y no ubico dónde poner el purpose of payment ni los docs. ¿Me podéis decir exactamente dónde subir el invoice o explicar qué datos necesitáis para que avance la review?"
es_digital_nomad,bank_transfer_extra_info_request,angry_after_waiting,"Holaaa, llevo un montón esperando y mi bank transfer sigue en revisión sin explicación. Decidme ya qué info necesitáis exactamente — purpose of payment, relación con el destinatario, invoice o contract — y cómo la subo para que lo aprueben de una vez, vale?"
es_digital_nomad,scheduled_payment_insufficient_funds,empty,"Holaaa, tenía un scheduled transfer y no salió porque no había enough funds en la cuenta a la hora programada. ¿Me podéis decir cómo recargar saldo y retry el payment, o si tengo que crear uno nuevo? También quiero saber cómo editar o cancelar los próximos transfers para que no me vuelva a pasar, vale."
es_digital_nomad,scheduled_payment_insufficient_funds,poor_internet_connection,"Holaaa, tenía un scheduled transfer y no salió porque en ese momento no había enough funds en mi cuenta. ¿Me explicas cómo recargar y retry el payment, o si tengo que crear otro scheduled payment? Además, ¿cómo puedo editar o cancelar los futuros para que no me vuelva a pasar?"
es_digital_nomad,scheduled_payment_insufficient_funds,anxious_security_fear,"Holaaa, tenía un scheduled transfer y no salió porque supuestamente no había fondos suficientes, pero ahora estoy súper nerviosa porque no sé si se ha perdido el money o si hay riesgo con mis datos. ¿Me podéis decir por qué pasó, si puedo añadir money y retry la payment o crear otra, y cómo edito o cancelo las future transfers para que no vuelva a pasar?"
es_digital_nomad,scheduled_payment_insufficient_funds,confused_by_app_updates,"Holaaa, tenía un scheduled transfer y no salió porque en ese momento no había saldo suficiente, pero ahora no encuentro en la app dónde volver a enviarlo ni cómo editar o cancelar los próximos. La interfaz me sale distinta a las instrucciones que vi, ¿me podéis decir dónde está ahora y cómo evitar que vuelva a pasar?"
es_digital_nomad,scheduled_payment_insufficient_funds,angry_after_waiting,"Holaaa, my scheduled transfer failed and I’ve already waited ages—why didn’t it go out? Tell me now how I can top up and retry it, or edit/cancel the future payments, because this is messing up my client paymet and I need a clear fix already."
es_digital_nomad,direct_debit_unrecognized,empty,"Holaaa, veo un Direct Debit que no reconozco en mi Revolut y quiero pararlo antes de que me cobren más. ¿Me podéis decir dónde ver el mandate, revisar el merchant name y el historial, y cómo cancelarlo si hace falta?"
es_digital_nomad,direct_debit_unrecognized,poor_internet_connection,"Holaaa, I just saw a Direct Debit attempt in my Revolut that I don’t recognize and I want to stop it ASAP before more money is taken. My internet is being super unstable and the screens keep failing, so can you tell me where to find the mandate in the app, check the merchant/payment history, and how to cancel it if it looks fraud?"
es_digital_nomad,direct_debit_unrecognized,anxious_security_fear,"Holaaa, acabo de ver un Direct Debit que no reconozco y estoy súper preocupada, creo que puede ser fraudulento. ¿Me puedes ayudar a encontrar el mandate en la app, ver el merchant y el payment history, y cancelarlo ya si hace falta? Si ya se ha cobrado, dime también qué hago porque de verdad siento que mis datos o mi money pueden estar en riesgo, no pasa nada pero necesito asegurarme cuanto antes."
es_digital_nomad,direct_debit_unrecognized,confused_by_app_updates,"Holaaa, me ha salido un Direct Debit que no reconozco y quiero pararlo antes de que me cobren otra vez, pero la app se ve diferente y no encuentro dónde ver el mandate ni cancelarlo. ¿Me podéis decir dónde mirar el merchant name y el payment history, y qué hago si ya se ha tomado o si parece fraudulento?"
es_digital_nomad,direct_debit_unrecognized,angry_after_waiting,"Holaaa, tengo un Direct Debit que no reconozco y quiero pararlo ya antes de que me vuelvan a cobrar. No me des vueltas: necesito ver el mandate en la app, comprobar el merchant y el historial, cancelarlo si hace falta y saber qué hago si ya han sacado el money o si esto es fraudulento."
es_digital_nomad,negative_balance_after_offline_payment,empty,"Holaaa, mi saldo se ha quedado en negativo porque me han pasado varios card payments con retraso después de pagar fuera, y no entiendo por qué ha bajado ahora. ¿Me podéis explicar cómo revisar esos transactions y cuánto tengo que añadir para cubrirlo?"
es_digital_nomad,negative_balance_after_offline_payment,poor_internet_connection,"Holaaa, my balance went negative after a few card payments from my trip abroad posted days later and ahora no entiendo why. The app keeps failing with my bad connection, can you tell me if some merchants can charge offline/delayed and what I should check, and how to add money to cover it?"
es_digital_nomad,negative_balance_after_offline_payment,anxious_security_fear,"Holaaa, mi saldo se ha quedado en negativo después de que me entraran varios card payments con retraso estando fuera, y estoy muy nerviosa porque parece que me han quitado dinero otra vez. Me podéis confirmar si esto puede pasar por pagos offline/delayed y decirme cómo revisar las transacciones y añadir money para cubrirlo? No pasa nada si hay algo raro, pero necesito saber si mi dinero o mis datos están seguros."
es_digital_nomad,negative_balance_after_offline_payment,confused_by_app_updates,"Holaaa, mi balance se ha quedado en negativo por unos card payments que han entrado varios días después de hacerlos fuera y la app ahora se ve diferente, así que no encuentro dónde revisar esas transacciones ni cómo añadir money para cubrirlo. ¿Me puedes decir qué pasó y dónde verlo en la app nueva, porfa?"
es_digital_nomad,negative_balance_after_offline_payment,angry_after_waiting,"Holaaa, mi saldo se ha quedado en negativo porque me han entrado varios card payments días después de pagarlos fuera de España, y ya llevo demasiado esperando una solución clara. ¿Me podéis explicar de una vez qué pasa con estos charges y cómo reviso los movimientos, añadir dinero para cubrirlo, y qué hago si alguno no es correcto?"
es_digital_nomad,login_new_phone_number,empty,"Holaaa, I changed my phone number and now I can’t log in porque the verification codes keep going to my old number. Can you help me with the recovery flow to access my account with the new number and update my contact details?"
es_digital_nomad,login_new_phone_number,poor_internet_connection,"Holaaa, cambié de número y ahora no puedo entrar a Revolut porque los verification codes siguen yendo al old number 😩. La recovery flow me falla por la conexión mala y no puedo completar las pantallas ni subir lo que pide, ¿me ayudáis a verificar mi identidad y actualizar el número de contacto, vale?"
es_digital_nomad,login_new_phone_number,anxious_security_fear,"Holaaa, cambié mi phone number y ya no puedo entrar a Revolut because the verification codes siguen yendo al número viejo. Estoy muy nerviosa, ¿mi money y mis datos están seguros? Necesito help para recover my login with the new number y confirmar mi identity, porfa, no pasa nada si me piden extra verification, pero necesito volver a acceder ya."
es_digital_nomad,login_new_phone_number,confused_by_app_updates,"Holaaa, cambié mi phone number y ahora no puedo log in porque los códigos siguen yendo al número viejo. La app se ve distinta a las instrucciones que encontré y no encuentro el recovery flow para actualizar mis datos y confirmar mi identidad, ¿me podéis guiar?"
es_digital_nomad,login_new_phone_number,angry_after_waiting,"Holaaa, he cambiado de número y no puedo entrar a Revolut porque los verification codes siguen yendo al old number. Ya llevo muchísimo esperando y necesito una solución ya: ¿me podéis ayudar a hacer login con mi new phone number y actualizar mis datos de contacto sin dar más vueltas?"
es_digital_nomad,lost_passkey_device,empty,"Holaaa, cambié de móvil y mi passkey estaba en el iPhone perdido, así que ahora no puedo entrar a Revolut en el nuevo phone. ¿Me ayudáis a recuperar el acceso y quitar ese passkey si hace falta?"
es_digital_nomad,lost_passkey_device,poor_internet_connection,"Holaaa, perdí el móvil donde tenía guardada la passkey y ahora en el nuevo iPhone no me deja entrar ni pasar la verification, además con el internet malo se me corta todo y no puedo subir los docs. ¿Me ayudáis a recuperar el access o quitar esa passkey si hace falta?"
es_digital_nomad,lost_passkey_device,anxious_security_fear,"Holaaa, perdí el móvil donde tenía guardado el passkey de Revolut y ahora en mi new phone no me deja entrar, y estoy bastante nerviosa porque no sé si alguien puede acceder a mi cuenta o mis datos. ¿Me ayudáis a recover access, quitar o replace ese passkey si hace falta, y seguir los pasos de identity verification para asegurar la account?"
es_digital_nomad,lost_passkey_device,confused_by_app_updates,"Holaaa, cambié de móvil y el passkey estaba en el iPhone viejo que se perdió/reset, y ahora no puedo entrar en Revolut. La app me sale distinta a las instrucciones que veo y no encuentro dónde quitar o reemplazar ese passkey ni cómo hacer the login recovery, ¿me ayudáis a recuperar access y asegurar la cuenta por si alguien tiene el device?"
es_digital_nomad,lost_passkey_device,angry_after_waiting,"Holaaa, llevo un montón intentando entrar y mi passkey estaba en un móvil que perdí/reseté, así que ahora no puedo autenticarme en el nuevo iPhone. Necesito una solución ya: recuperadme el acceso, quitad o reemplazad esa passkey si se puede, y decidme cómo verificar mi identidad porque no quiero que nadie pueda usar mi cuenta."
es_digital_nomad,mobile_verification_code_not_received,empty,"Holaaa, estoy intentando hacer login/registrarme en la app y no me llega nunca el código de verificación por SMS. Ya revisé varias veces pero nada, ¿me podéis ayudar a comprobar el formato del número, el country code y qué más puedo hacer si mi SIM está bloqueando mensajes o llamadas?"
es_digital_nomad,mobile_verification_code_not_received,poor_internet_connection,"Holaaa, estoy intentando hacer login en la app pero el verification code no me llega nunca al móvil y además con mi internet inestable se me queda la pantalla cargando o falla todo. He revisado el número y sigue sin entrar el SMS, ¿me podéis decir qué mirar en el country code/SIM o cómo pedir recovery si sigue igual?"
es_digital_nomad,mobile_verification_code_not_received,anxious_security_fear,"Holaaa, estoy intentando entrar en mi cuenta pero el SMS code nunca llega y me estoy poniendo súper nerviosa porque tengo miedo por mi money y mis datos. ¿Me podéis decir si mi phone number está bien con el country code y qué puedo revisar para recibir el código, o si hay otra forma segura de recover login?"
es_digital_nomad,mobile_verification_code_not_received,confused_by_app_updates,"Holaaa, estoy intentando entrar en Revolut pero el código de verificación no me llega al móvil y la app ahora se ve diferente a las instrucciones que encontré, así que no encuentro dónde revisar el phone number format o pedir otro code. ¿Me podéis decir qué tengo que hacer para comprobar el country code y si mi SIM o bloqueo de llamadas/SMS puede estar impidiendo que llegue el SMS?"
es_digital_nomad,mobile_verification_code_not_received,angry_after_waiting,"Holaaa, llevo una eternidad intentando entrar y el SMS/call verification code de Revolut no me llega ni de broma. Mi phone number está bien con el country code, la SIM recibe SMS normal y no tengo bloqueos, así que necesito una solución clara ya o una alternativa de recovery, por favor."
es_digital_nomad,account_restricted_card_blocked,empty,"Holaaa, my Revolut account looks restricted and my card payments and transfers are failing, while the app says my info is under review. Can you tell me what’s going on and if I need to send any documents or extra details to get it sorted, porfa?"
es_digital_nomad,account_restricted_card_blocked,poor_internet_connection,"Holaaa, my account looks restricted y no me deja hacer card payments ni transfers, the app says my info is under review but the screen keeps failing because my internet is super unstable. Can you tell me what exactly I need to upload or check in the app so I can finish this review?"
es_digital_nomad,account_restricted_card_blocked,anxious_security_fear,"Holaaa, my account is suddenly restricted and card payments + transfers are failing, and the app says my info is under review — estoy muy anxious, is my money or personal data safe? Please tell me exactly what’s going on and what I need to send, because no pasa nada if it’s a security check but I really need reassurance."
es_digital_nomad,account_restricted_card_blocked,confused_by_app_updates,"Holaaa, mi cuenta parece restringida y me sale que están revisando mi info, pero la app se ve diferente a lo que dicen las instrucciones y no encuentro dónde subir los documentos o ver lo que me piden. Ahora mismo no puedo hacer card payments ni transfers, ¿me podéis decir dónde está esa sección en la nueva interfaz?"
es_digital_nomad,account_restricted_card_blocked,angry_after_waiting,"Holaaa, llevo un montón esperando y mi cuenta sigue restringida: no me deja hacer card payments ni transfers y solo veo que mi info está under review. Necesito una solución clara ya, please, porque estoy currando y esto me está bloqueando todo."
es_digital_nomad,savings_withdrawal_pending,empty,"Holaaa, hice una withdrawal desde mi Savings account a la main balance pero sigue pending y no veo el money disponible todavía. ¿Me podéis decir dónde checkear el status y si puede tardar por ser fin de semana o holiday?"
es_digital_nomad,savings_withdrawal_pending,poor_internet_connection,"Holaaa, hice una retirada de mi Savings account a la balance principal y sigue pending, pero ya no me deja ver el dinero disponible en el main balance. Con mi internet fatal se me cargan mal las pantallas, so could you tell me where to check the withdrawal status y si el weekend puede retrasarlo?"
es_digital_nomad,savings_withdrawal_pending,anxious_security_fear,"Holaaa, retiré dinero de mi Savings a mi balance principal y sigue pending, y me estoy poniendo fatal porque parece que el dinero o mis datos pueden estar en riesgo. ¿Es normal que tarde en llegar, dónde puedo ver el status de la withdrawal y cuánto puede afectar si fue en weekend o festivo?"
es_digital_nomad,savings_withdrawal_pending,confused_by_app_updates,"Holaaa, hice una withdrawal desde mi Savings account pero sigue en pending y no veo el dinero en mi main balance. La app me sale distinta a lo que dicen las instrucciones y no encuentro dónde ver el status ni si es normal por el fin de semana, me ayudáis?"
es_digital_nomad,savings_withdrawal_pending,angry_after_waiting,"Holaaa, retiré dinero de mi Savings account y sigue pending, pero no aparece en mi main balance. Ya he esperado bastante, necesito que me digáis ya qué pasa y cuándo se libera, porque esto me está bloqueando."
es_digital_nomad,pocket_bill_not_enough_money,empty,"Holaaa, tengo un bill dentro de mi Bills Pocket que ha fallado porque no había enough money y no me queda claro cómo funciona el pago desde el Pocket. ¿Me podéis decir cómo recargarlo o ajustar los recurring transfers para que no vuelva a pasar, y si puedo mover ese bill otra vez a la main account si hace falta?"
es_digital_nomad,pocket_bill_not_enough_money,poor_internet_connection,"Holaaa, tengo un Bills Pocket para mis suscripciones y una Direct Debit ha fallado porque no había enough money ahí, y con mi internet todo se rompe al cargar. ¿Me podéis decir cómo funciona el pago desde el Pocket, cómo lo recargo o ajusto la recurring transfer, y si puedo mover ese bill otra vez a la cuenta principal?"
es_digital_nomad,pocket_bill_not_enough_money,anxious_security_fear,"Holaaa, one bill from my Bills Pocket failed because there wasn’t enough money and I’m honestly pretty anxious, ¿my money or personal data is safe? Can you tell me how Revolut handles these payments from the Pocket, how I can top it up or adjust the recurring transfer so this doesn’t happen again, and if needed how to move the bill back to my main account?"
es_digital_nomad,pocket_bill_not_enough_money,confused_by_app_updates,"Holaaa, tengo una Bills Pocket para mis suscripciones y uno de los direct debits failed porque no había enough money, pero la app ahora me sale distinta y no encuentro dónde ver los upcoming payments ni cómo mover el bill de nuevo a la main account si hace falta. ¿Me podéis decir dónde se ajusta el recurring transfer para que la Pocket quede funded y no vuelva a pasar?"
es_digital_nomad,pocket_bill_not_enough_money,angry_after_waiting,"Llevo un buen rato esperando y necesito una solución ya: un bill de mi Bills Pocket ha fallado por falta de saldo y no entiendo cómo se gestiona esto en Revolut. Decidme por favor cómo mover ese pago de vuelta a la cuenta principal, cómo dejar el Pocket bien funded y dónde veo los upcoming payments para que no vuelva a pasar, ya."
es_digital_nomad,paid_plan_missed_payment,empty,"Holaaa, my paid Revolut plan payment failed and I’m a bit worried about losing the perks or getting downgrade fees. Can you tell me the billing status, how to add funds to cover the missed subscription, and what happens with the next payment date, plan end date, partner benefits, insurance, and my plan cards if it stays unpaid?"
es_digital_nomad,paid_plan_missed_payment,poor_internet_connection,"Holaaa, mi pago del plan de Revolut ha fallado y con mi conexión mala la app se me queda cargando todo el rato. ¿Podéis decirme si mi plan sigue activo, cómo puedo añadir fondos para pagar el importe pendiente, y qué pasa con la próxima fecha de cobro y los benefits/insurance/cards si no se paga o me bajáis de plan?"
es_digital_nomad,paid_plan_missed_payment,anxious_security_fear,"Holaaa, me ha fallado el pago de mi plan y estoy súper anxious, ¿puedes comprobar el billing status y decirme si tengo que añadir funds para pagar el importe pendiente? También quiero saber cuál es la next payment date, hasta cuándo sigue activo el plan, y qué pasa con los partner benefits, el insurance y las plan cards si no se cobra o me downgradan. Me da miedo perder dinero o que mis datos estén en riesgo, así que please confírmame que no pasa nada raro."
es_digital_nomad,paid_plan_missed_payment,confused_by_app_updates,"Holaaa, my paid plan payment failed and the app looks different from the instructions I found, so I can’t find where to check the billing status or pay the missed amount. Can you tell me how to add funds, when the next payment date/plan end date is, and what happens to partner benefits, insurance or my plan cards if it stays unpaid or gets downgraded?"
es_digital_nomad,paid_plan_missed_payment,angry_after_waiting,"Holaaa, mi pago del plan falló y llevo ya demasiado esperando ayuda. Quiero saber ya si mi plan sigue activo o si me van a cobrar fees por downgrade, cómo puedo meter fondos para pagar el importe pendiente, cuál es la próxima fecha de cobro y hasta cuándo dura el plan, y qué pasa con las partner benefits, el insurance y las plan cards si sigue sin pagarse."
es_digital_nomad,referral_reward_missing,empty,"Holaaa, invité a una amiga a Revolut y yo esperaba la referral reward pero no me ha llegado nada todavía. ¿Me podéis revisar si cumplimos las condiciones de la campaign, si usó bien mi invite link y si hizo los pasos necesarios como añadir dinero, pedir/activar la physical card y hacer las compras antes del deadline?"
es_digital_nomad,referral_reward_missing,poor_internet_connection,"Holaaa, invité a una amiga a Revolut y yo esperaba el referral reward pero no me ha llegado nada aún, y con mi conexión mala se me están quedando pantallas a medias. ¿Me podéis revisar si cumplió bien los requisitos del campaign, si usó el invite link correcto, añadió money y si hacía falta pedir/activar la physical card o hacer las compras before the deadline?"
es_digital_nomad,referral_reward_missing,anxious_security_fear,"Holaaa, estoy súper nerviosa porque invité a una amiga a Revolut y no me ha llegado la referral reward, y me preocupa si algo salió mal con mi money o mis datos, de verdad. ¿Me podéis revisar si su signup fue con el invite link correcto, si cumplió lo de add money, pedir/activar la physical card y hacer las compras before the deadline, y si hay alguna condición o exclusión que haga que la reward sea smaller o no aplique?"
es_digital_nomad,referral_reward_missing,confused_by_app_updates,"Holaaa, invité a una amiga a Revolut y todavía no me aparece la referral reward, y además la app ahora se ve distinta y no encuentro dónde revisar si cumplió todos los requisitos. Me podéis confirmar si usó el invite link correcto, si añadió money y activó la physical card o hizo las compras válidas antes del deadline?"
es_digital_nomad,referral_reward_missing,angry_after_waiting,"Holaaa, llevo ya demasiado esperando mi referral reward y sigo sin verla en la cuenta, así que necesito una respuesta clara ya. ¿Podéis revisar si mi amigo se registró con el invite link correcto, si cumplió lo de añadir dinero, activar/usar la physical card y hacer las compras antes del deadline, o si hay alguna exclusion o condición del reward que me esté faltando?"
es_digital_nomad,travel_insurance_claim_documents,empty,"Holaaa, tuve delayed baggage en un viaje y quiero abrir un travel insurance claim en Revolut pero no sé qué documentos tengo que subir. Me podéis decir exactamente desde dónde hacerlo en la app y qué pruebas necesito, tipo travel docs, receipts, airline report y la confirmation del retraso?"
es_digital_nomad,travel_insurance_claim_documents,poor_internet_connection,"Holaaa, estoy intentando abrir un travel insurance claim por delayed baggage pero la app me falla con mi conexión y se me quedan las uploads a medias, qué documentos necesito exactamente para empezar? Me lía un poco si hay que meter boarding pass, baggage delay confirmation, airline report y receipts de gastos, y si luego me pueden pedir más proof antes de decidir si está covered."
es_digital_nomad,travel_insurance_claim_documents,anxious_security_fear,"Holaaa, estoy súper nerviosa porque creo que mi money o mis datos pueden estar en riesgo, y además mi baggage llegó muy delayed en un viaje y quiero abrir el travel insurance claim en Revolut pero no sé qué documentos tengo que subir. Me podéis decir paso a paso desde la app qué necesito, como travel docs, receipts, airline report y proof of expenses, y si luego me pueden pedir más info?"
es_digital_nomad,travel_insurance_claim_documents,confused_by_app_updates,"Holaaa, I need to start a travel insurance claim for delayed baggage but the app looks different from the instructions I found and I can’t locate the insurance section. Can you tell me exactly where to open the claim and what docs I need to upload, like the baggage delay confirmation, airline report and receipts?"
es_digital_nomad,travel_insurance_claim_documents,angry_after_waiting,"Holaaa, llevo un montón esperando y necesito una respuesta clara ya: ¿cómo empiezo una travel insurance claim por delayed baggage en Revolut y qué documentos exactos tengo que subir? No quiero perder más tiempo, dime de una vez si necesito boarding pass, baggage delay confirmation, airline report y receipts de gastos, porque esto me está pareciendo un follón."
es_digital_nomad,airport_lounge_pass_issue,empty,"Holaaa, compré un airport lounge pass en Revolut pero en el lounge me dicen que no lo pueden scanear o que no es válido. ¿Me podéis ayudar a encontrar el pass en la app y revisar si el aeropuerto, terminal, passenger details y la date están bien, y si se puede cancelar o pedir refund?"
es_digital_nomad,airport_lounge_pass_issue,poor_internet_connection,"Holaaa, compré un airport lounge pass en Revolut pero en el lounge no lo pueden escanear y me dicen que no es válido, y con mi conexión mala la app se queda cargando o falla al abrirlo. ¿Me podéis ayudar a encontrar el pass, revisar airport/terminal, passenger details, date y terms of use, y decirme si se puede cancel/refund si no me lo aceptan?"
es_digital_nomad,airport_lounge_pass_issue,anxious_security_fear,"Holaaa, compré un airport lounge pass en Revolut y en el lounge me dicen que no lo pueden escanear o que no es válido, y estoy súper preocupada de que haya un problema con mi dinero o con mis datos. ¿Me podéis ayudar a encontrar el pass en la app y revisar airport, terminal, passenger details, date y terms, y decirme si se puede cancelar o refund? Si al final no pude usarlo aunque fuera válido, ¿qué proof o evidence tengo que guardar?"
es_digital_nomad,airport_lounge_pass_issue,confused_by_app_updates,"Holaaa, compré un airport lounge pass en Revolut pero en el lounge me dicen que no lo pueden escanear y en la app no encuentro dónde ver los details porque la interfaz ha cambiado y las instrucciones que encontré ya no cuadran. ¿Me podéis ayudar a localizar el pass, comprobar airport/terminal/passenger/date/terms, y decirme si se puede cancelar o refund si no lo he podido usar?"
es_digital_nomad,airport_lounge_pass_issue,angry_after_waiting,"Holaaa, acabo de comprar un airport lounge pass en Revolut y en la puerta no lo pueden escanear / me dicen que no es válido. Necesito una solución clara ya: cómo encontrar el pass en la app, revisar airport, terminal, passenger details, date y terms, y si se puede cancelar o pedir refund si al final no me dejan entrar."
es_digital_nomad,esim_activation_failed,empty,"Holaaa, compré un eSIM data plan para mi viaje pero en mi iPhone no se instala ni se activa, y ya lo he intentado varias veces. ¿Me podéis ayudar a revisar si el móvil es compatible, si está unlocked y si estoy siguiendo bien los pasos? Si el plan ya está pagado pero sigue unusable, necesito que me digáis qué hacer, vale."
es_digital_nomad,esim_activation_failed,poor_internet_connection,"Holaaa, compré un eSIM data plan para mi viaje y en el iPhone no se instala ni se activa, se queda fallando todo el rato y con mi conexión mala no puedo acabar los pasos. ¿Me podéis decir qué revisar para saber si mi móvil es compatible y desbloqueado, y si hay forma de reintentar la instalación o label it bien, porque ya pagué el plan y ahora mismo me es unusable?"
es_digital_nomad,esim_activation_failed,anxious_security_fear,"Holaaa, compré un eSIM data plan para mi viaje y no consigo instalarlo ni activarlo en mi iPhone, y estoy súper nerviosa porque no quiero que mi money ni mis datos estén en riesgo. ¿Me podéis decir si mi phone supports eSIM, si tiene que estar unlocked y online, y qué pasos exactos seguir para que funcione?"
es_digital_nomad,esim_activation_failed,confused_by_app_updates,"Holaaa, compré un eSIM data plan para mi viaje pero no me deja instalarlo ni activarlo en el iPhone, y además la app me sale diferente a las instrucciones que encontré así que no encuentro dónde hacerlo. ¿Me podéis decir qué revisar para saber si mi móvil es compatible, si tiene que estar unlocked y online, y dónde está ahora la opción correcta para instalarlo?"
es_digital_nomad,esim_activation_failed,angry_after_waiting,"Holaaa, compré un eSIM data plan en Revolut para mi viaje y no se instala ni se activa en mi iPhone, llevo muchísimo tiempo esperando y ya estoy harta. Necesito una solución clara ya: ¿podéis revisar si mi móvil soporta eSIM, si está unlocked y qué pasos exactos tengo que seguir para activarlo?"
es_digital_nomad,crypto_withdrawal_pending,empty,"Holaaa, hice un crypto withdrawal desde Revolut a mi external wallet y sigue pending, pero en la wallet de destino no ha llegado nada. ¿Me podéis revisar si elegí bien el network y la wallet address, y si hay algún fee, limit o security check que esté retrasándolo?"
es_digital_nomad,crypto_withdrawal_pending,poor_internet_connection,"Holaaa, hice un crypto withdrawal desde Revolut a una wallet externa y sigue pending, pero en la address no ha llegado nada todavía. Me podéis ayudar a check el network selected, la wallet address, fees/limits y si falta algún security check o info del wallet owner? Además mi conexión va fatal y me está fallando la pantalla, no sé si es por las blockchain confirmations o si el trasnfer se ha quedado atascado."
es_digital_nomad,crypto_withdrawal_pending,anxious_security_fear,"Holaaa, hice un withdrawal de crypto desde Revolut a mi external wallet y sigue pending, pero la address no ha recibido nada. Me da mucho miedo que haya algo mal con la network o con mis datos, ¿me podéis confirmar si el wallet address, fees, limits o algún security check están bien y qué pasa si se queda así?"
es_digital_nomad,crypto_withdrawal_pending,confused_by_app_updates,"Holaaa, hice un crypto withdrawal desde Revolut a una wallet externa y sigue pending, pero la dirección aún no recibe nada. Además la app me sale diferente a las instrucciones que vi y no encuentro dónde checkear la network, el wallet address ni si hay algún security check o fee pendiente, me podéis ayudar?"
es_digital_nomad,crypto_withdrawal_pending,angry_after_waiting,"Holaaa, hice un withdrawal de crypto desde Revolut a mi wallet externa y sigue pending desde hace muchísimo, pero el recipient no ha recibido nada y ya me estoy cansando de esperar. Quiero que me digáis ya si el network y la wallet address eran correctos, si hay alguna fee o limit que me haya bloqueado, y si necesitáis info extra o algún security check para liberarlo o cancelar la transacción."
es_digital_nomad,trading_order_pending,empty,"Holaaa, hice una buy order en Revolut Trading y sigue pending, pero las shares no aparecen en mi portfolio. ¿Es por market hours, el order type o porque no había enough cash? Me podéis decir también si puede estar bloqueada por trading halt o sell-only restrictions, vale?"
es_digital_nomad,trading_order_pending,poor_internet_connection,"Holaaa, hice una buy order de acciones en Revolut Trading pero sigue pending y no veo las shares en mi portfolio, y con mi conexión mala no me carga bien la pantalla para revisar qué pasa. ¿Me podéis decir si es por market hours, cash disponible o si la order se puede quedar esperando/cancelarse por extended hours o fractional shares?"
es_digital_nomad,trading_order_pending,anxious_security_fear,"Holaaa, hice una buy order de acciones en Revolut Trading y sigue pending, pero no veo las shares en mi portfolio y me estoy rayando mucho, ¿mi money y mis datos están safe? Si el market está closed o hay extended-hours limits, cash disponible, fractional shares o un trading halt, ¿eso puede hacer que la orden espere o se cancele? Vale, solo quiero entender qué pasa porque me da bastante ansiedad."
es_digital_nomad,trading_order_pending,confused_by_app_updates,"Holaaa, hice una buy order de acciones en Revolut Trading pero sigue pending y no me salen en el portfolio, y además la app se ve distinta a las instrucciones que encontré así que no localizo dónde revisar si es por market hours o algo del order type. ¿Me podéis decir por qué no se ha ejecutado todavía y dónde verlo en la nueva interface?"
es_digital_nomad,trading_order_pending,angry_after_waiting,"Holaaa, hice una buy order de acciones en Revolut Trading y sigue pending desde hace un buen rato, pero las shares no aparecen en mi portfolio. Quiero una respuesta clara ya: ¿es por market hours, cash disponible, fractional shares, extended hours o algún trading halt? Necesito saber si se va a ejecutar o cancelar, porque esto me está rallando bastante."
it_startup_founder,identity_passport_upload,empty,"Ciao, il mio account Revolut è stato limitato e ora la carta non funziona, ma non capisco dove caricare il passaporto richiesto nell’app. Potete dirmi come aprire la richiesta in-app, fare una foto chiara del documento e inviarlo in modo sicuro così sbloccate l’accesso?"
it_startup_founder,identity_passport_upload,poor_internet_connection,"Ciao, il mio account Revolut è limitato per una review di sicurezza e mi chiede un passport/ID, ma la carta non funziona e non trovo dove caricare il documento nell’app. Con internet instabile continua a fallire tutto: potete dirmi esattamente come aprire la richiesta in-app, fare una foto chiara del passaporto e inviarlo in modo sicuro per sbloccare l’accesso?"
it_startup_founder,identity_passport_upload,anxious_security_fear,"Ragazzi, il mio account Revolout è limitato e la card non funziona, ma nell’app non trovo dove caricare il passport richiesto. Sono un po’ in ansia: i miei soldi e i dati sono al sicuro? Mi dite come aprire la richiesta in-app, fare la foto giusta del documento e quando torna tutto operativo?"
it_startup_founder,identity_passport_upload,confused_by_app_updates,"Ciao, il mio account Revolut Business è stato limitato per verifica e ora l’app mi chiede un documento d’identità, ma la schermata è cambiata e non trovo dove caricare il passaporto. Inoltre la carta non funziona più: potete dirmi esattamente come aprire la richiesta in-app, fare la foto corretta e inviare il documento in modo sicuro?"
it_startup_founder,identity_passport_upload,angry_after_waiting,"Why is my Revolut Business account still limited and my card dead? The app says upload passport for review but I can’t find where to do it — tell me exactly how to open the request and submit the doc now, I need cash flow back ASAP."
it_startup_founder,proof_of_address_rejected,empty,"Ciao, ho provato a verificare l’indirizzo su Revolut Business ma la prova di residenza è stata rifiutata e non capisco perché: ho caricato lo screenshot di una bolletta online. Potete dirmi quali documenti sono accettati, se nome e indirizzo devono combaciare esattamente col profilo, e come reinviarla nel flow di verifica?"
it_startup_founder,proof_of_address_rejected,poor_internet_connection,"Guys, my proof of address got rejected and I honestly don’t get why — I uploaded a screenshot of an online bill, connection was bad and the upload kept failing. Can you tell me exactly what documents are accepted, and if my name/address need to match the Revolut profile and how recent/readable the file has to be so I can resubmit it properly?"
it_startup_founder,proof_of_address_rejected,anxious_security_fear,"Ho appena caricato la prova indirizzo ma è stata rifiutata e non capisco why, era uno screenshot di una bolletta online. Mi dite che documenti sono accettati e se nome, indirizzo e data devono matchare esattamente il profilo? Sono davvero in ansia, i miei soldi e i miei dati sono al sicuro?"
it_startup_founder,proof_of_address_rejected,confused_by_app_updates,"Ciao, ho caricato come proof of address uno screenshot di una bolletta online ma Revolout l’ha rifiutata e non capisco il motivo. Adesso però l’app/web è cambiata rispetto alle istruzioni che trovo online e non riesco a trovare dove resubmitto il documento nella verification flow: potete dirmi quali documenti vanno bene, come verificare che nome e indirizzo matchino il profilo, e dove devo rifarlo?"
it_startup_founder,proof_of_address_rejected,angry_after_waiting,"Why my proof of address got rejected?? I uploaded an online bill screenshot and it was still refused, but I need this sorted now, I’ve already waited too long. Please tell me exactly which documents are accepted, if the name and address must match 100% with my Revolut profile, and how to resubmit it properly."
it_startup_founder,source_of_funds_review,empty,"Ho ricevuto una richiesta di source of funds dopo vari bonifici grossi e sono in ansia che mi chiudiate l’account. Mi potete dire esattamente che prove servono? Salary slips, dichiarazioni tasse, estratti conto, contratti di vendita o altro?"
it_startup_founder,source_of_funds_review,poor_internet_connection,"Ragazzi, mi è arrivata la richiesta sui source of funds dopo vari bonifici grossi e ho paura che mi chiudiate l’account… con questa connessione ballerina gli upload falliscono sempre. Mi dite esattamente che prove servono? Salary slips, tax docs, bank statements, contratti di vendita o altro, purché supportino bene le transazioni in review."
it_startup_founder,source_of_funds_review,anxious_security_fear,"Ciao, ho ricevuto la richiesta sui documenti per l’origine dei fondi dopo quei bonifici grossi e sono molto in ansia: mi state per bloccare o chiudere l’account? Potete dirmi esattamente quali prove servono, tipo buste paga, documenti fiscali, estratti conto o contratto di vendita, e se devono coprire proprio le transazioni under review?"
it_startup_founder,source_of_funds_review,confused_by_app_updates,"Ho ricevuto una richiesta di documenti sulla source of funds dopo vari bonifici grossi, ma l’interfaccia dell’app è cambiata e non trovo dove caricare i file. Potete dirmi esattamente quali prove vi servono per questi trasferimenti e dove caricarle, così evito che il conto venga chiuso?"
it_startup_founder,source_of_funds_review,angry_after_waiting,"Ho ricevuto la richiesta di source of funds dopo vari bonifici grossi e sto già aspettando da troppo: mi dite subito cosa devo inviare per evitare che chiudiate l’account? Salary slips, tax docs, bank statements, contract di vendita, whatever serve, ma voglio una risposta chiara adesso su quali prove supportano davvero le transazioni sotto review."
it_startup_founder,card_payment_declined_enough_funds,empty,Sto provando a pagare in negozio con la mia Revolut card ma la transazione viene rifiutata anche se ho saldo sufficiente. Potete dirmi cosa devo controllare in app prima di riprovare?
it_startup_founder,card_payment_declined_enough_funds,poor_internet_connection,"Sto provando a pagare in negozio con la mia Revolut card ma la transazione viene declinata anche se ho abbastanza saldo. L’app continua a bloccarsi per la connessione instabile, quindi mi serve capire subito se è un problema di card security, limiti, merchant restriction, carta frozen o un temporary security decline, e cosa posso cambiare in app prima di riprovare."
it_startup_founder,card_payment_declined_enough_funds,anxious_security_fear,"Sto provando a pagare in negozio con la mia Revolut card ma viene declinata anche se ho soldi sufficienti, e sono davvero in ansia perché penso ci sia un rischio per il mio account o i dati. Mi potete dire subito cosa devo controllare nell’app — card frozen, limiti, security settings, PIN, merchant restrictions o blocchi temporanei — e se posso sbloccare qualcosa prima di riprovare?"
it_startup_founder,card_payment_declined_enough_funds,confused_by_app_updates,"Sto cercando di pagare in store con la mia Revolut card ma il pagamento viene declinato anche se ho abbastanza saldo. L’app però è cambiata e non trovo più dove controllare card security, limiti o eventuale freeze: mi dite cosa devo verificare prima di riprovare?"
it_startup_founder,card_payment_declined_enough_funds,angry_after_waiting,"Why my Revolut card is declined in store even if I have enough balance? I’m already pissed off waiting — tell me now what I need to check in the app (security settings, limits, frozen card, location, PIN, merchant restrictions) so I can pay this damn bill and move on."
it_startup_founder,apple_pay_card_add_failed,empty,"Ciao, sto cercando di aggiungere la mia carta Revolut a Apple Pay ma durante la verifica mi dà errore e non va avanti. Potete dirmi i passi giusti per controllare eleggibilità Apple Pay, aggiornare Revolut e iOS, verificare che la carta sia attiva/non bloccata e provare ad aggiungerla di nuovo dall’app Revolut invece che inserire i dati a mano?"
it_startup_founder,apple_pay_card_add_failed,poor_internet_connection,"Ciao, sto provando ad aggiungere la mia carta Revolut a Apple Pay ma la verifica fallisce con errore ogni volta, e con la connessione instabile mi carica metà schermate e poi si blocca. Potete dirmi subito cosa controllare su eleggibilità Apple Pay, aggiornamento app iOS/Revolut, stato carta attiva/non bloccata e numero telefono per i codici, e se devo rifare l’aggiunta direttamente dall’app Revolut invece che a mano?"
it_startup_founder,apple_pay_card_add_failed,anxious_security_fear,"Ragazzi, non riesco ad aggiungere la mia Revolut card ad Apple Pay: durante la verification in wallet mi dà errore e sto andando in ansia, sembra quasi un problema di sicurezza. Potete dirmi subito se il mio account/card è ok e cosa devo controllare per sicurezza?"
it_startup_founder,apple_pay_card_add_failed,confused_by_app_updates,"Ciao, sto cercando di aggiungere la mia carta Revolut ad Apple Pay ma durante la verifica mi dà errore e l’interfaccia ora è diversa da quella delle istruzioni che trovo online, quindi non riesco a capire dove andare. Potete dirmi i passi giusti per controllare se la carta è abilitata per Apple Pay, aggiornare app Revolut e iOS, verificare che la carta sia attiva/non bloccata e che il numero per i codici sia quello giusto, e provare ad aggiungerla di nuovo dall’app Revolut invece che a mano?"
it_startup_founder,apple_pay_card_add_failed,angry_after_waiting,"Ragazzi, sto perdendo tempo da ore: non riesco ad aggiungere la mia Revolut card ad Apple Pay, mi dà errore in verifica e basta. Ho già aspettato troppo, voglio una soluzione chiara subito — controllate se la carta è eligible, aggiornata la app Revolut e iOS, se la carta è attiva/non bloccata, se il numero per i codici è giusto e ditemi di provarci di nuovo dall’app Revolut, non inserendo i dati a mano."
it_startup_founder,virtual_card_not_working,empty,"Ciao, ho creato una virtual card su Revolut Business per un acquisto online ma il merchant rifiuta sempre il pagamento. Potete dirmi se è una virtual card standard o single-use/disposable, controllare se i pagamenti online sono abilitati e confermarmi se billing address e card details sono corretti?"
it_startup_founder,virtual_card_not_working,poor_internet_connection,"Ho creato una virtual card per un acquisto online ma il merchant la rifiuta sempre, e con la connessione instabile mi si bloccano anche le schermate. Potete dirmi se è una standard virtual card o single-use, verificare che i pagamenti online siano attivi e se billing address/card details sono ok?"
it_startup_founder,virtual_card_not_working,anxious_security_fear,"Ho creato una virtual card Revolut per un acquisto online ma il merchant la rifiuta sempre, e sono un po’ in ansia: potete dirmi subito se sto usando una virtual card standard o single-use, se i pagamenti online sono attivi, e se indirizzo di fatturazione e dati carta sono ok? Voglio capire anche se il merchant o la subscription non supportano questo tipo di carta, perché temo per money e dati."
it_startup_founder,virtual_card_not_working,confused_by_app_updates,"Ciao, ho creato una virtual card per un acquisto online ma il merchant rifiuta sempre il pagamento e nell’app l’interfaccia è cambiata quindi non trovo più le impostazioni giuste. Mi aiuti a capire se è una virtual card standard o single-use, se i pagamenti online sono attivi e se devo controllare billing address e dati carta?"
it_startup_founder,virtual_card_not_working,angry_after_waiting,"Ho creato una virtual card per un acquisto online ma il merchant la rifiuta sempre, e sto perdendo tempo. Mi dite subito se è una standard virtual card o single-use, se i pagamenti online sono davvero attivi, e se billing address/dati carta sono corretti?"
it_startup_founder,lost_stolen_card_freeze,empty,"Ho perso la mia carta Revolut fisica mentre ero in viaggio e temo che qualcuno la usi. Potete dirmi subito come bloccarla nell’app, controllare le transazioni recenti e segnalare eventuali pagamenti fraudolenti? Se serve, voglio anche ordinare una replacement card all’indirizzo giusto e continuare a usare virtual card o Apple Pay/Google Pay nel frattempo."
it_startup_founder,lost_stolen_card_freeze,poor_internet_connection,"Ho perso la carta Revolut fisica mentre ero in viaggio e con la connessione instabile l’app mi carica a metà, quindi non riesco a bloccarla subito. Mi dite come freeze la carta nell’app, controllare i movimenti recenti, segnalare eventuali pagamenti fraudolenti e ordinare una replacement card al mio indirizzo corretto?"
it_startup_founder,lost_stolen_card_freeze,anxious_security_fear,"Ragazzi aiuto, ho perso la mia carta Revolut fisica mentre viaggio e sono molto in ansia che qualcuno la usi. Posso freeze subito la card dall’app, controllare le ultime transazioni e se vedo pagamenti strani come li segnalo? Voglio anche capire come ordinare una replacement card all’indirizzo giusto e se posso continuare a usare virtual card o Apple Pay/Google Pay intanto, please ditemi che i miei soldi e dati sono al sicuro."
it_startup_founder,lost_stolen_card_freeze,confused_by_app_updates,"Guys, I lost my physical Revolut card while travelling and I’m worried someone may use it. The app UI looks different from the help article, so I can’t find where to freeze the card, check recent transactions, report any suspicious payments, or order a replacement to the right address — can you point me to the exact steps?"
it_startup_founder,lost_stolen_card_freeze,angry_after_waiting,"Ho perso la carta fisica Revolut mentre ero in viaggio e sono già troppo in ritardo, voglio bloccarla subito nell’app e capire come controllare le ultime transazioni per vedere se c’è qualche pagamento fraudolento. Se serve, come faccio a ordinare una replacement card all’indirizzo giusto e continuare a usare virtual card o wallet sul mobile subito, senza perdere cash flow?"
it_startup_founder,atm_withdrawal_pending,empty,"Ho provato a prelevare contanti da un ATM ma non sono usciti i soldi, e in Revolut vedo ancora il prelievo come pending. È normale che resti così mentre l’operatore ATM lo regola o lo annulla?"
it_startup_founder,atm_withdrawal_pending,poor_internet_connection,"Ho provato a prelevare cash da un ATM ma non ha erogato nulla e su Revolout vedo il prelievo ancora pending. Con questa connessione ballerina non riesco nemmeno a caricare bene i dettagli, ma mi confermate se può restare in pending mentre l’ATM operator fa settle o reverse, e se poi devo aprire un ticket con location, data, importo e receipt se il transaction va a completion senza soldi?"
it_startup_founder,atm_withdrawal_pending,anxious_security_fear,"Ragazzi sono super in ansia: ho provato a prelevare al bancomat ma non è uscito cash, e su Revolut risulta ancora pending. Ho perso i soldi o i miei dati sono a rischio? Per favore rassicuratemi e ditemi cosa devo fare adesso."
it_startup_founder,atm_withdrawal_pending,confused_by_app_updates,"Ho provato a prelevare cash da un ATM ma non ha erogato nulla, però in Revolut vedo il prelievo come pending. L’interfaccia dell’app è cambiata e non trovo dove controllare o segnalare questa cosa: devo solo aspettare che si aggiorni o devo fare subito un ticket?"
it_startup_founder,atm_withdrawal_pending,angry_after_waiting,Sto perdendo tempo da troppo con questo prelievo ATM: non è uscito nessun cash ma su Revolut è ancora pending. Voglio una risposta chiara subito — devo aspettare davvero che l’ATM operator faccia settlement/reverse o devo aprire subito un caso?
it_startup_founder,card_refund_missing,empty,"Ho restituito un articolo e il merchant mi ha detto che il rimborso è stato emesso, ma in Revolut non vedo ancora niente sul saldo. Potete controllare la transazione originale e dirmi se il refund può apparire collegato al pagamento e quanto tempo devo aspettare prima di chiedere conferma al merchant o aprire un ticket con voi?"
it_startup_founder,card_refund_missing,poor_internet_connection,"Ho fatto un reso e il merchant dice che il refund è stato emesso, ma su Revolut non vedo ancora nulla nel balance. La connessione qui è pessima e l’app/web continua a failare, potete controllare la transazione originale e dirmi se devo aspettare ancora o chiedere al merchant la conferma del rimborso?"
it_startup_founder,card_refund_missing,anxious_security_fear,"Ho restituito un articolo e il merchant dice che il rimborso è stato emesso, ma i soldi non sono ancora arrivati su Revolut e sto andando in ansia, sembra quasi che ci sia un rischio per i miei dati o il mio conto. Potete controllare la transazione originale e dirmi se i refund card possono comparire legati al pagamento iniziale e quanto devo aspettare prima di chiedere conferma al merchant o aprire un caso con Revolut?"
it_startup_founder,card_refund_missing,confused_by_app_updates,"Ho restituito un articolo e il merchant dice che il refund è stato emesso, ma in Revolut non vedo ancora i soldi nel balance. L’interfaccia è cambiata e non riesco più a trovare dove controllare la transazione originale: potete dirmi dove guardare e se devo aspettare ancora o chiedere la conferma al merchant?"
it_startup_founder,card_refund_missing,angry_after_waiting,"Ho già aspettato troppo: il merchant dice che ha emesso il refund per il reso ma su Revolut non vedo ancora nulla. Potete controllare subito la transazione originale e dirmi se il rimborso può arrivare dopo e dove lo vedrò, oppure se devo chiedere conferma al merchant?"
it_startup_founder,chargeback_case_update,empty,"Ciao, ho aperto un chargeback per un pagamento card perché il merchant non ha mai consegnato la merce, ma da giorni non vedo nessun update nel caso. Mi potete spiegare a che punto è il dispute process e se vi servono proof tipo receipt, tracking, chat col merchant o cancellazione?"
it_startup_founder,chargeback_case_update,poor_internet_connection,"Ho aperto una contestazione su una card payment perché il merchant non ha mai consegnato la merce, ma non vedo nessun update sul chargeback case. Potete spiegarmi come funziona il processo e se vi serve ancora evidence tipo receipt, tracking, chat col merchant o proof di cancellazione?"
it_startup_founder,chargeback_case_update,anxious_security_fear,"Ho aperto un chargeback per una carta perché il merchant non ha mai spedito la merce, ma non vedo nessun update e sto iniziando a preoccuparmi seriamente per i miei soldi e i miei dati. Mi potete spiegare come funziona il processo, che prove vi servono tipo receipt, tracking, chat col merchant o prova di cancellazione, e quanto può volerci prima della decisione finale?"
it_startup_founder,chargeback_case_update,confused_by_app_updates,"Ho aperto un chargeback per una card payment perché il merchant non ha mai consegnato la merce, ma nell’app ora vedo tutto diverso e non riesco più a trovare il dettaglio del caso o l’update. Mi potete spiegare come funziona la dispute process e che evidenze servono ancora, tipo receipt, tracking, chat col merchant o prova di cancellazione, e quanto devo aspettare per un outcome finale?"
it_startup_founder,chargeback_case_update,angry_after_waiting,"Ho già aspettato troppo per questo chargeback: ho disputato un pagamento card perché il merchant non ha mai consegnato la merce e ancora non vedo nessun update. Mi serve subito una spiegazione chiara del processo e di quali prove vi servono per chiudere il caso, tipo ricevuta, tracking, chat col merchant o prova di cancellazione, e soprattutto quando avrò una risposta finale."
it_startup_founder,top_up_reverted,empty,"Ho fatto un top up con carta di debito su Revolut Business: il saldo è salito per un attimo e poi è stato revertito. Potete dirmi cosa può aver causato il blocco, se devo riprovare, usare un bonifico, o sentire la mia banca/card issuer?"
it_startup_founder,top_up_reverted,poor_internet_connection,"Ho fatto un top up con carta di debito, il saldo è salito per un attimo poi è stato revertito. Sto avendo connessione instabile e i caricamenti falliscono, ma voglio capire subito se è stato il mio issuer che ha rifiutato o reversed il deposito, se c’è un problema di autenticazione o se quella carta non è supportata per i depositi. Devo riprovare, fare un bonifico, o contattare la mia banca?"
it_startup_founder,top_up_reverted,anxious_security_fear,"Ho appena fatto un top up con carta di debito su Revolout: il saldo è salito per un attimo e poi è stato stornato, e ora sono super in ansia perché temo per i miei soldi o i miei dati. Mi potete dire se è un decline del mio issuer, un problema di autenticazione, una carta non supportata o una restrizione, e se devo riprovare, fare un bonifico o sentire subito la mia banca?"
it_startup_founder,top_up_reverted,confused_by_app_updates,"Ho fatto un top up con carta di debito, il saldo è salito per un attimo poi è stato stornato. Nell’app ora l’interfaccia è cambiata e non trovo dove vedere il motivo: è un decline del mio issuer, un problema di auth, o la carta non è supportata? Devo riprovare, fare un bonifico, o sentire la mia banca?"
it_startup_founder,top_up_reverted,angry_after_waiting,"Ho appena fatto un top up con carta di debito, il saldo è salito per un attimo e poi è stato annullato: che cavolo è successo? Voglio una risposta chiara subito, se devo riprovare, fare bonifico o contattare la banca della carta dimmelo ora, perché mi sta bloccando il cash flow."
it_startup_founder,bank_transfer_pending_inbound,empty,"Ciao, sto aspettando un bonifico in arrivo su Revolut Business ma risulta ancora pending o proprio non si vede, anche se il mittente dice che è stato inviato. Potete controllare se sono stati usati i dati corretti del conto locale/internazionale e se la valuta o il tipo di transfer sono supportati, e dirimi cosa vi serve per tracciare il bonifico se non arriva entro i tempi previsti?"
it_startup_founder,bank_transfer_pending_inbound,poor_internet_connection,"Ciao, sto aspettando un bonifico in arrivo su Revolut Business ma risulta ancora pending o proprio mancante, anche se il mittente dice che l’ha già inviato. Potete controllare se hanno usato i dettagli account giusti, se la valuta/tipo di transfer è supportato e se ci sono banche intermediarie coinvolte?"
it_startup_founder,bank_transfer_pending_inbound,anxious_security_fear,"Ciao, il sender dice che il bonifico è stato inviato ma su Revolut è ancora pending/missing e io sto andando in paranoia, non vorrei che soldi o dati siano a rischio. Potete controllare se sono stati usati i dettagli account giusti, se currency e tipo di transfer sono supportati, e se ci sono intermediary banks coinvolte? Se non arriva entro i tempi, what info vi serve per tracciare subito il trasferimento?"
it_startup_founder,bank_transfer_pending_inbound,confused_by_app_updates,"Sto aspettando un bonifico in arrivo ma risulta ancora pending/mancante anche se il sender dice che l’ha già inviato. L’app Revolout adesso ha un’interfaccia diversa e non riesco a trovare dove verificare se hanno usato i dettagli giusti del conto locale o internazionale, né come fare il trace se non arriva entro i tempi previsti."
it_startup_founder,bank_transfer_pending_inbound,angry_after_waiting,"Dovete dirmi subito dove è finito il bonifico in arrivo: il sender dice che l’ha già inviato ma in Revolout risulta ancora pending o non si vede proprio. Ho bisogno di capire immediatamente se hanno usato i dettagli locali o internazionali giusti, se la valuta/tipo di transfer è supportata e se ci sono banche intermediarie; se non arriva entro i tempi, ditemi anche quali info vi servono per tracciarlo subito."
it_startup_founder,wrong_revolut_recipient_transfer,empty,"Ho inviato un bonifico al cliente Revolut sbagliato perché ho selezionato il contatto/Revtag errato. Posso cancellarlo o recuperare i soldi? Se la persona non collabora, come faccio a segnalare la cosa, e come posso evitare di rifare questo errore controllando meglio i dettagli prima di confermare?"
it_startup_founder,wrong_revolut_recipient_transfer,poor_internet_connection,"Ho appena mandato un bonifico al contatto sbagliato su Revolut perché la connessione faceva schifo e mi ha confuso la schermata. Posso cancellarlo subito o devo contattare il destinatario per farmi restituire i soldi? Se non collabora, come lo segnalo e come evito di rifare sto errore verificando meglio Revtag/dettagli prima di confermare?"
it_startup_founder,wrong_revolut_recipient_transfer,anxious_security_fear,"Ho appena mandato un bonifico alla persona sbagliata per un contatto/Revtag errato e sono in panico totale: si può cancellare subito? Se no, come contatto il destinatario per chiedere il rimborso e come segnalo la cosa se non collabora? Inoltre dimmi come evitare questo errore in futuro, perché mi sto davvero preoccupando per i miei soldi e i miei dati."
it_startup_founder,wrong_revolut_recipient_transfer,confused_by_app_updates,"Ho inviato un bonifico al contatto/Revolut sbagliato per sbaglio e adesso l’app mi sembra diversa dalle istruzioni che trovo online, quindi non riesco a capire dove sia la funzione per annullarlo o contattare il destinatario. Potete dirmi se posso cancellarlo, come chiedere il rimborso e dove segnalo il problema se non collabora?"
it_startup_founder,wrong_revolut_recipient_transfer,angry_after_waiting,"Ho mandato un bonifico al contatto sbagliato / Revtag per errore e aspetto da troppo tempo: si può cancellare subito o no? Se il destinatario non collabora, come faccio a contattarlo per chiedere il rimborso e a segnalare il problema a Revolut?"
it_startup_founder,bank_transfer_extra_info_request,empty,"Ho avviato un bonifico ma Revolut lo ha messo in revisione e mi chiede info extra, ma non capisco bene cosa vogliono esattamente. Mi dite che dettagli devo inviare per sbloccarlo più veloce?"
it_startup_founder,bank_transfer_extra_info_request,poor_internet_connection,"Ho avviato un bonifico ma Revolut me lo ha messo in review e non capisco perché. Con questa connessione instabile mi falliscono pure upload e schermate, però cosa devo inviare esattamente per sbloccarlo più in fretta: purpose del pagamento, rapporto col destinatario, fattura o contratto?"
it_startup_founder,bank_transfer_extra_info_request,anxious_security_fear,"Ho appena avviato un bonifico e Revolut mi chiede info extra sulla transazione, ma non capisco perché sta venendo bloccato. Potete dirmi esattamente cosa devo inviare per sbloccarlo? Sono molto in ansia, i miei soldi e i dati sono al sicuro?"
it_startup_founder,bank_transfer_extra_info_request,confused_by_app_updates,"Ho iniziato un bonifico ma Revolut mi chiede info extra sulla transazione e non capisco perchè: la schermata nell’app è cambiata rispetto alle istruzioni che trovo online e non riesco a trovare dove inserire purpose, rapporto col destinatario o eventuale fattura/contratto. Potete dirmi esattamente dove andare per completare la review e far avanzare il transfer?"
it_startup_founder,bank_transfer_extra_info_request,angry_after_waiting,"Sto aspettando da troppo per questo bonifico e nessuno mi dice cosa manca esattamente. Quali info volete davvero per sbloccarlo subito — causale, rapporto col destinatario, fattura o contratto?"
it_startup_founder,scheduled_payment_insufficient_funds,empty,"Ho impostato un bonifico schedulato ma è fallito perché al momento non c’erano fondi sufficienti sul conto Revolut. Mi spiegate perché non è partito, come posso aggiungere soldi e rifarlo, oppure creare un nuovo pagamento schedulato? Inoltre voglio capire come modificare o cancellare i bonifici futuri e evitare che succeda ancora tenendo saldo sufficiente nella valuta giusta."
it_startup_founder,scheduled_payment_insufficient_funds,poor_internet_connection,"Ho impostato un bonifico schedulato ma non è partito perché al momento c’erano pochi fondi sul conto Revolut Business. Mi spiegate come ricaricare in fretta e ritentare il pagamento, oppure se devo creare un nuovo bonifico? Inoltre come posso modificare o cancellare i prossimi scheduled transfer e evitare che succeda di nuovo tenendo saldo sufficiente nella valuta giusta?"
it_startup_founder,scheduled_payment_insufficient_funds,anxious_security_fear,"Ho impostato un bonifico schedulato ma è fallito perché in quel momento non c’erano abbastanza fondi sul conto Revolut. Mi potete spiegare subito perché non è partito, se devo aggiungere soldi e rilanciare il pagamento o creare un nuovo scheduled transfer, e come modificare o cancellare quelli futuri? Sono molto preoccupato che ci sia un rischio per i miei soldi o i miei dati, quindi mi serve anche conferma che è tutto al sicuro."
it_startup_founder,scheduled_payment_insufficient_funds,confused_by_app_updates,"Ho impostato un bonifico schedulato ma è fallito perché al momento non c’erano abbastanza fondi sul conto. L’interfaccia nell’app è cambiata e non trovo più dove ricaricare e ritentare il pagamento, o dove modificare/cancellare i trasferimenti futuri: potete dirmi come fare e come evitare che succeda di nuovo tenendo il saldo giusto nella valuta corretta?"
it_startup_founder,scheduled_payment_insufficient_funds,angry_after_waiting,"Ho impostato un bonifico schedulato ma è fallito perché al momento dell’esecuzione non c’erano fondi sufficienti sul conto Revolut Business. Adesso voglio subito capire come ricaricare il saldo e rifare il pagamento, oppure cancellare/modificare i prossimi scheduled transfer, senza perdere altro tempo."
it_startup_founder,direct_debit_unrecognized,empty,"Ho visto un Direct Debit che non riconosco su Revolut Business e voglio bloccarlo subito prima che prendano altri soldi. Dove trovo il mandate nell’app per controllare merchant e storico pagamenti, e come lo cancello se è sospetto? Se il pagamento è già partito o sembra fraudolento, cosa devo fare adesso?"
it_startup_founder,direct_debit_unrecognized,poor_internet_connection,"Ho un Direct Debit che non riconosco su Revolut Business e voglio bloccarlo subito prima che partano altri addebiti. La connessione è pessima, le schermate caricano male e non trovo dove vedere il mandate, merchant name e payment history: potete dirmi come cancellarlo e cosa fare se il pagamento è già stato preso o sembra fraudolento?"
it_startup_founder,direct_debit_unrecognized,anxious_security_fear,"Ho visto un Direct Debit che non riconosco e sono molto in ansia, sembra quasi fraudolento — potete aiutarmi subito a trovare il mandato nell’app, controllare merchant e storico pagamenti, e cancellarlo se serve? Se il pagamento è già partito, ditemi anche cosa devo fare per bloccarne altri e se devo preoccuparmi per i miei dati/money."
it_startup_founder,direct_debit_unrecognized,confused_by_app_updates,"Ho visto un addebito Direct Debit che non riconosco e voglio bloccarlo subito prima che prendano altri soldi. L’app però è cambiata rispetto alle istruzioni che trovo online e non riesco a trovare il mandate né dove vedere merchant name e payment history, potete dirmi esattamente dove andare e come cancellarlo se necessario?"
it_startup_founder,direct_debit_unrecognized,angry_after_waiting,"Ho un Direct Debit che non riconosco su Revolut Business e voglio bloccarlo subito prima che mi prendano altri soldi. Mi serve subito sapere dove vedere il mandato, controllare merchant e storico pagamenti, cancellarlo se serve, e cosa fare se il pagamento è già partito o se è fraudolento."
it_startup_founder,negative_balance_after_offline_payment,empty,"Perché il mio balance è andato negativo dopo alcuni pagamenti carta fatti giorni fa all’estero? I merchant hanno postato le transazioni in ritardo e ora mi manca cash flow: come posso controllare quei movimenti, top up per coprire il negativo e capire se uno di questi pagamenti è sbagliato?"
it_startup_founder,negative_balance_after_offline_payment,poor_internet_connection,"Ragazzi, il mio balance è andato negativo dopo alcuni pagamenti carta fatti all’estero, ma sono arrivati postati giorni dopo e adesso mi ha sballato il cash flow. Con internet instabile le schermate caricano male e gli upload falliscono, potete spiegarmi cosa succede e come verificare se c’è qualche pagamento offline/delay che devo coprire o contestare?"
it_startup_founder,negative_balance_after_offline_payment,anxious_security_fear,"Ciao, il mio saldo Revolut è andato in negativo dopo che alcuni pagamenti carta fatti all’estero sono stati contabilizzati giorni dopo, e ora sono molto preoccupato che ci sia un problema con i miei soldi o i miei dati. Potete spiegarmi se può succedere con merchant offline/delayed e dirmi come controllare subito le transazioni, aggiungere fondi per coprire il saldo negativo, e cosa fare se un addebito non torna?"
it_startup_founder,negative_balance_after_offline_payment,confused_by_app_updates,"Guys, my Revolut Business balance just went negative after some card payments from abroad posted days later, and the app looks totally different from the guide I found so I can’t even locate where to review these transactions. Can you tell me why this happened and where exactly I should top up to cover the negative balance, and if one of these payments looks wrong how do I contact support from the new interface?"
it_startup_founder,negative_balance_after_offline_payment,angry_after_waiting,"Perché il mio saldo è andato in negativo giorni dopo dei pagamenti con carta fatti all’estero? Ho bisogno subito di capire se sono addebiti offline/delayed e di sapere come vedere quelle transazioni, aggiungere soldi per coprire il negativo e segnalare immediatamente se c’è un pagamento errato."
it_startup_founder,login_new_phone_number,empty,Ho cambiato numero di telefono e non riesco più a fare login in Revolut Business perché i codici arrivano ancora al vecchio numero. Come posso avviare il recovery flow con il nuovo numero e aggiornare i contatti dell’account senza bloccare il cash flow?
it_startup_founder,login_new_phone_number,poor_internet_connection,Ho cambiato numero e non riesco più a fare login su Revolout: i codici vanno ancora al vecchio numero e con la connessione ballerina la verifica continua a fallire. Come posso fare il recovery con il nuovo numero e confermare la mia identità senza accesso alla vecchia SIM?
it_startup_founder,login_new_phone_number,anxious_security_fear,"Hi, I changed my phone number and now I can’t log in because the verification codes keep going to the old one. I’m really worried my account/data is at risk — can you help me recover access with the new number and tell me what identity verification you’ll need if I no longer have the old SIM/device?"
it_startup_founder,login_new_phone_number,confused_by_app_updates,"Ciao, ho cambiato numero di telefono ma i codici Revolut arrivano ancora al vecchio SIM e non riesco più a fare login. L’interfaccia dell’app è diversa da quella delle istruzioni che trovo online, quindi non riesco a trovare il recovery flow o dove aggiornare il contatto: mi dite come verifico la mia identità e rientro nell’account?"
it_startup_founder,login_new_phone_number,angry_after_waiting,"Ho cambiato numero di telefono e adesso non riesco a fare login su Revolut Business perché i codici arrivano ancora al vecchio numero. Ho già aspettato troppo, voglio subito il recovery flow per entrare col nuovo numero, confermare la mia identità e aggiornare i contatti dell’account, senza altre perdite di tempo."
it_startup_founder,lost_passkey_device,empty,"Ho perso il telefono dove avevo salvato il passkey Revolut, poi è stato anche resettato di fabbrica, e ora sul nuovo phone non riesco più ad autenticarmi. Potete aiutarmi a rimuovere o sostituire quel passkey, fare il recovery dell’accesso via identity check e mettere in sicurezza l’account nel caso il vecchio device sia ancora accessibile a qualcun altro?"
it_startup_founder,lost_passkey_device,poor_internet_connection,"Ho perso il telefono dove avevo salvato la passkey Revolut, ora ho fatto il reset sul nuovo device e non riesco più ad autenticarmi. La connessione è pessima e gli step di upload falliscono continuo: how can I recover access, rimuovere la passkey vecchia e mettere in sicurezza l’account nel caso il device perso sia ancora accessibile a qualcuno?"
it_startup_founder,lost_passkey_device,anxious_security_fear,"Ho perso il telefono dove avevo salvato il passkey Revolut e ora sul nuovo phone non riesco proprio ad autenticarmi, sto andando in panico perché temo che qualcuno possa ancora avere accesso ai miei soldi e dati. Potete aiutarmi subito a recuperare l’accesso, rimuovere o sostituire quel passkey e farmi fare il login recovery per verificare l’identità e mettere in sicurezza l’account?"
it_startup_founder,lost_passkey_device,confused_by_app_updates,"Ho perso il telefono dove avevo salvato il passkey di Revolut, e ora sul nuovo phone non riesco più ad autenticarmi. L’interfaccia è diversa da quella nelle istruzioni che ho trovato, quindi non trovo dove rimuovere o sostituire il passkey né come fare il login recovery per recuperare l’accesso e mettere al sicuro l’account se il vecchio device è ancora in giro."
it_startup_founder,lost_passkey_device,angry_after_waiting,"Ho perso il telefono dove avevo salvato il passkey e ora su quello nuovo non riesco più ad autenticarmi su Revolut Business. Voglio subito sapere come recuperare l’accesso, rimuovere o sostituire quel passkey e fare il login recovery con verifica identità, perché aspetto da troppo e se il device è ancora accessibile a qualcun altro voglio mettere in sicurezza l’account immediatamente."
it_startup_founder,mobile_verification_code_not_received,empty,"Sto cercando di fare login su Revolut Business ma il codice mobile non arriva mai. Ho già aspettato un po’: potete dirmi come controllare formato numero/country code, SIM che riceve SMS e blocchi chiamate/messaggi, e cosa fare se devo richiedere un altro codice o usare recovery?"
it_startup_founder,mobile_verification_code_not_received,poor_internet_connection,"Sto cercando di fare signup/login ma il codice mobile verification di Revolut non arriva mai. La connessione è instabile e mi si bloccano pure le schermate, potete aiutarmi a controllare numero/country code e cosa fare se SMS o chiamata non passano?"
it_startup_founder,mobile_verification_code_not_received,anxious_security_fear,"Sto provando a fare login/signup ma il codice mobile di Revolut non arriva mai, e sto iniziando a preoccuparmi per i miei soldi e i miei dati. Potete dirmi subito se devo controllare il numero con prefisso corretto, se la SIM deve poter ricevere SMS/chiamate, e se devo disattivare blocchi? Ho già aspettato un po', non voglio richiedere altri codici a caso se c’è un rischio."
it_startup_founder,mobile_verification_code_not_received,confused_by_app_updates,"Sto cercando di fare signup/login ma il codice di verifica mobile da Revolut non arriva mai, e adesso l’interfaccia dell’app è diversa da quella delle istruzioni che ho trovato quindi non riesco a capire dove controllare numero con country code o recovery. Potete dirmi dove trovare l’opzione giusta e cosa verificare su SIM/SMS/blocchi chiamate prima di richiedere un altro codice?"
it_startup_founder,mobile_verification_code_not_received,angry_after_waiting,"Sto cercando di fare login/registrazione ma il codice di verifica Revolut non arriva mai sul mobile, e ho già aspettato troppo. Controllate subito che il numero e il country code siano giusti e ditemi come risolvere adesso, perché ho bisogno di entrare nel conto immediatamente."
it_startup_founder,account_restricted_card_blocked,empty,"Hi, my Revolut Business account looks restricted and now card payments fail, transfers are blocked, and the app says my info is under review. Can you tell me what’s happening and if there’s anything I need to upload or complete so this can be removed asap?"
it_startup_founder,account_restricted_card_blocked,poor_internet_connection,"Ciao, il mio account Revolut Business sembra bloccato: i pagamenti carta falliscono, i bonifici sono bloccati e nell’app vedo “information under review”. Ho una connessione instabile e gli upload mi si interrompono, quindi non capisco cosa manca: potete dirmi esattamente cosa devo inviare e se la restriction si sblocca solo dopo la review?"
it_startup_founder,account_restricted_card_blocked,anxious_security_fear,"Ragazzi sono super in ansia: la mia Revolut Business sembra bloccata, i pagamenti con carta falliscono e i bonifici sono stop, l’app dice che i miei dati sono under review. I miei soldi e i dati sono al sicuro? Dimmi subito cosa devo fare e se devo caricare altri documenti o info, perché ho bisogno di sbloccare tutto oggi."
it_startup_founder,account_restricted_card_blocked,confused_by_app_updates,"Ragazzi, il mio account Revolut Business è bloccato: i pagamenti card falliscono, i trasferimenti sono blocked e vedo che le info sono under review. Però l’interfaccia nell’app è cambiata rispetto alle istruzioni che trovo online, quindi non riesco a capire dove devo caricare i documenti o vedere le richieste mancanti."
it_startup_founder,account_restricted_card_blocked,angry_after_waiting,"Ma dai, il mio account Revolut Business è ancora bloccato: card payments falliscono, i bonifici sono in stop e l’app dice che le mie info sono under review da troppo tempo. Voglio una spiegazione chiara subito e sapere esattamente quali documenti o dettagli mancano, perché mi sta bloccando cash flow e non posso aspettare ancora."
it_startup_founder,savings_withdrawal_pending,empty,Ho fatto un withdrawal da Revolut Savings ma è ancora pending e i soldi non sono nel balance principale. Potete spiegarmi dove vedo lo status della withdrawal e se weekend o holiday possono rallentare l’accredito?
it_startup_founder,savings_withdrawal_pending,poor_internet_connection,"Ho fatto un withdrawal dal Savings account ma è ancora pending e i soldi non sono nel main balance, sto perdendo tempo con la linea che va e viene e le schermate che falliscono. Mi dite dove posso vedere lo status del withdrawal e se weekend/holidays possono bloccarlo?"
it_startup_founder,savings_withdrawal_pending,anxious_security_fear,"Ho ritirato soldi dal mio Savings account ma è ancora pending e non vedo i fondi nel saldo principale, sto andando in ansia perché sembra quasi che i miei soldi o i miei dati siano a rischio. Potete dirmi subito se è normale, dove controllo lo stato del withdrawal e se weekend o holiday possono bloccarlo?"
it_startup_founder,savings_withdrawal_pending,confused_by_app_updates,"Ho fatto un withdrawal dal mio Savings account ma è ancora pending e i soldi non sono nel saldo principale. L’app adesso è cambiata e non trovo più dove vedere lo status del bonifico/withdrawal, potete dirmi dove controllarlo e se weekend o holiday possono bloccarlo?"
it_startup_founder,savings_withdrawal_pending,angry_after_waiting,"Ho ritirato soldi dal Savings ma il withdrawal è ancora pending e non vedo i fondi nel main balance, seriously quanto deve ancora stare bloccato? Voglio una risposta chiara adesso: dove controllo lo stato e se weekend/festivi possono delayare il bonifico, perché mi serve il cash flow subito."
it_startup_founder,pocket_bill_not_enough_money,empty,"Ciao, one of my subscription direct debits failed because the Bills Pocket was short on funds—how exactly does Revolut take bill payments from a Pocket? I need to know how to top it up or tweak the recurring transfer into it, and if needed how to move the bill back to the main account and check upcoming payments so this doesn't hit my cash flow again."
it_startup_founder,pocket_bill_not_enough_money,poor_internet_connection,"Ciao, ho un Bills Pocket per subscriptions e direct debits ma un pagamento è failed perché non c’erano abbastanza soldi dentro, e con la connessione instabile non riesco a caricare le schermate bene. Mi spiegate come funziona il pagamento delle bill dal Pocket, come posso aggiungere money o modificare i recurring transfers per mantenerlo funded, e se posso spostare la bill back sul conto principale se serve?"
it_startup_founder,pocket_bill_not_enough_money,anxious_security_fear,"Ho un Bills Pocket per abbonamenti e direct debits, ma un pagamento è fallito perché non c’era abbastanza money dentro. Devo capire subito come Revolut gestisce questi addebiti dal Pocket, come posso caricare soldi o aumentare i trasferimenti ricorrenti, e se posso spostare il bill sul conto principale se serve. Inoltre voglio vedere i prossimi pagamenti in arrivo per evitare altri problemi — please reassure me che i miei soldi e i dati sono al sicuro."
it_startup_founder,pocket_bill_not_enough_money,confused_by_app_updates,"Ciao, sto usando un Bills Pocket per abbonamenti e Direct Debits, ma un pagamento è fallito perché non c’era abbastanza saldo. Nelle istruzioni che ho trovato l’interfaccia sembra diversa da Revolut Business web/app e non riesco a capire dove vedere i prossimi pagamenti, aggiungere money al Pocket o spostare la bill back sul conto principale se serve."
it_startup_founder,pocket_bill_not_enough_money,angry_after_waiting,"Why did my subscription direct debit fail from the Bills Pocket just because it was short on funds? I need the exact fix now: how do I top up or change the recurring transfer into that Pocket, and can you move the bill back to main account if needed?"
it_startup_founder,paid_plan_missed_payment,empty,"Ciao, il pagamento del mio piano Revolut Business è fallito e non voglio perdere i benefits o beccarmi fees di downgrade. Potete checkare lo status della billing, dirmi quanto devo aggiungere per coprire la subscription mancata e qual è la next payment date / plan end date? Inoltre, se resta unpaid o downgrade, cosa succede a partner benefits, insurance e alle plan cards?"
it_startup_founder,paid_plan_missed_payment,poor_internet_connection,"Ciao, il pagamento del mio piano Revolut Business è fallito e con la connessione instabile non riesco a caricare bene le schermate. Potete controllare lo status del billing, dirmi come aggiungere fondi per pagare l’importo saltato, qual è la prossima data di addebito e la fine del piano, e cosa succede a partner benefits, insurance e carte se resta unpaid o viene downgraded?"
it_startup_founder,paid_plan_missed_payment,anxious_security_fear,"Ciao, il pagamento del mio piano Revolut è fallito e sono molto in ansia: potete controllare subito lo stato billing e dirmi come aggiungere fondi per pagare la subscription mancata? Voglio capire anche la prossima data di addebito e la fine del piano, e se rischio fees di downgrade o di perdere partner benefits, insurance o le plan cards se resta unpaid."
it_startup_founder,paid_plan_missed_payment,confused_by_app_updates,"Ciao, il pagamento del mio piano Revolut è fallito e adesso l’app mi sembra diversa dalle istruzioni che trovo online, non riesco a capire dove vedere billing status o aggiungere fondi per pagare la subscription mancata. Potete dirmi anche qual è la prossima data di addebito, la fine del piano, e cosa succede a partner benefits, insurance e alle plan cards se resta unpaid o va in downgrade?"
it_startup_founder,paid_plan_missed_payment,angry_after_waiting,"Il pagamento del mio piano Revolut è fallito e sto già aspettando da troppo: voglio subito capire lo stato billing, quanto devo aggiungere per saldare la subscription mancata, qual è la prossima data di pagamento e la data di fine piano. Se resta unpaid, cosa succede a partner benefits, assicurazione e carte del piano?"
it_startup_founder,referral_reward_missing,empty,"Ciao, ho invitato un amico su Revolut ma la referral reward non è ancora arrivata sul conto. Potete controllare se ha usato il link giusto, completato i requisiti della campagna e se c’è qualche condizione o esclusione che mi sta bloccando il bonus?"
it_startup_founder,referral_reward_missing,poor_internet_connection,"Ciao, ho invitato un amico su Revolut ma il reward referral non è ancora arrivato e con la connessione instabile qui mi si blocca tutto, quindi non riesco a controllare bene i dettagli. Potete verificare se ha usato il link giusto, se ha fatto i passaggi richiesti tipo aggiungere denaro, attivare/ordinare la physical card e fare gli acquisti entro la deadline, e se ci sono condizioni o esclusioni che spiegano perché non vedo il bonus?"
it_startup_founder,referral_reward_missing,anxious_security_fear,"Ciao, sono davvero in ansia: ho invitato un amico su Revolut ma il referral reward non è ancora arrivato e voglio capire se tutto è ok o se c’è qualche rischio per i miei dati o i soldi. Potete controllare se ha usato il link giusto, se ha fatto i passaggi richiesti entro la deadline e se ci sono condizioni/esclusioni che spiegano perché la reward non è stata accreditata?"
it_startup_founder,referral_reward_missing,confused_by_app_updates,"Ho invitato un amico con il referral ma il reward non è arrivato, e adesso l’app è cambiata rispetto alle istruzioni che ho trovato quindi non riesco nemmeno a capire dove controllare se ha usato il link giusto, aggiunto money, attivato la physical card o fatto gli acquisti entro la deadline. Potete verificare se il campaign è ancora valido e se ci sono condizioni/exception che fanno scattare un reward più piccolo?"
it_startup_founder,referral_reward_missing,angry_after_waiting,"Ho invitato un amico a Revolout e il referral reward non è ancora arrivato, sto aspettando da troppo e voglio una verifica subito. Potete controllare se ha usato il link giusto, se ha rispettato tutti i requisiti della campaign, incluso top up, physical card e acquisti entro la deadline, e dirmi chiaramente se il bonus è stato escluso o ridotto?"
it_startup_founder,travel_insurance_claim_documents,empty,"Ciao, voglio aprire una claim per travel insurance per baggage delay ma non capisco quali documenti servono esattamente. Mi potete guidare su come iniziare dalla sezione Insurance e dirvi se servono travel docs, receipts, conferma del ritardo bagaglio, report della compagnia aerea e proof of expenses?"
it_startup_founder,travel_insurance_claim_documents,poor_internet_connection,"Ciao, sto cercando di aprire un claim per travel insurance per delayed baggage, ma con la connessione instabile le schermate e gli upload falliscono continuamente. Potete dirmi esattamente quali documenti servono per iniziare dalla sezione insurance e se devo caricare anche receipts, baggage delay confirmation, report della compagnia aerea e proof delle spese?"
it_startup_founder,travel_insurance_claim_documents,anxious_security_fear,"Ho avuto il bagaglio in ritardo in viaggio e vorrei aprire un claim travel insurance da Revolut, ma non capisco quali documenti servono esattamente. Mi dice che i miei soldi o dati personali sono al sicuro? Ho bisogno di sapere se devo caricare subito travel docs, receipts, conferma del ritardo bagaglio, report airline e proof of expenses, e se poi l’insurer può chiedere altro prima di decidere."
it_startup_founder,travel_insurance_claim_documents,confused_by_app_updates,"Ciao, sto provando a fare una claim per travel insurance per baggage in ritardo, ma l’app adesso è diversa dalle istruzioni che trovo online e non riesco a trovare il punto giusto da cui partire. Mi potete dire esattamente dove avviare la richiesta in Revolut e quali documenti servono davvero, tipo travel docs, receipts, baggage delay confirmation, airline report e proof of expenses?"
it_startup_founder,travel_insurance_claim_documents,angry_after_waiting,"Ho avuto il baggage delayed e voglio aprire subito il claim su Revolut, ma non capisco esattamente quali documenti servono. Mi dite chiaramente come partire dalla sezione insurance e cosa devo caricare: travel documents, ricevute, conferma del ritardo bagaglio, report della airline e proof of expenses?"
it_startup_founder,airport_lounge_pass_issue,empty,"Ho comprato un airport lounge pass su Revolut ma in lounge non riescono a scannerizzarlo e mi dicono che non è valido. Potete aiutarmi a trovarlo nell’app e controllare aeroporto, terminal, dati passeggero, data e terms of use? Inoltre vorrei capire se si può cancellare o chiedere refund e che prove devo raccogliere se il pass era valido ma non l’ho potuto usare."
it_startup_founder,airport_lounge_pass_issue,poor_internet_connection,"Ho comprato un airport lounge pass su Revolut ma in lounge non riescono a scansionarlo e dicono che non è valido. La connessione è pessima e l’app continua a fallire, quindi non riesco a controllare bene: potete aiutarmi a trovare il pass e verificare airport, terminal, nome passeggero, data e terms of use? Inoltre ditemi se si può cancellare o avere refund e che prove devo raccogliere se il pass era valido ma non utilizzabile."
it_startup_founder,airport_lounge_pass_issue,anxious_security_fear,"Ciao, ho comprato un airport lounge pass su Revolut ma in lounge dicono che non lo riescono a scansionare e che non è valido, e io sono super in ansia perché non capisco se i miei soldi o i miei dati siano a rischio. Potete dirmi dove trovarlo nell’app e controllare subito aeroporto, terminal, nome passeggero, data e terms of use, e se posso annullarlo o ottenere un refund?"
it_startup_founder,airport_lounge_pass_issue,confused_by_app_updates,"Ho comprato un airport lounge pass su Revolut ma la lounge dice che non è valido o non riesce a scansionarlo. L’app ora è diversa dalle istruzioni che trovo online e non riesco a trovare il pass per controllare aeroporto, terminal, nome passeggero, data e terms of use: potete dirmi dove guardare e se posso chiedere cancellazione/refund?"
it_startup_founder,airport_lounge_pass_issue,angry_after_waiting,"Ho comprato un airport lounge pass su Revolut ma al lounge desk non riescono a scansionarlo e mi dicono che non è valido. Voglio subito capire dove trovarlo nell’app, controllare aeroporto/terminal, nome passeggero, data e terms of use, e sapere se si può cancellare o rimborsare, perché ho già perso troppo tempo e ho bisogno di una soluzione chiara adesso."
it_startup_founder,esim_activation_failed,empty,"Ho comprato un eSIM data plan su Revolut ma sul mio phone non si installa proprio e non si attiva, sto perdendo tempo. Potete aiutarmi a capire se il device supporta eSIM, se è unlocked e quali step devo fare per farlo funzionare?"
it_startup_founder,esim_activation_failed,poor_internet_connection,"Ho comprato l’eSIM per il viaggio ma su Revolout non si installa/attiva, e con la connessione instabile gli step falliscono ogni volta. Potete helparmi a capire se il mio phone supporta eSIM, se è unlocked, e cosa devo fare per installarla e usarla correttamente?"
it_startup_founder,esim_activation_failed,anxious_security_fear,"Ho comprato un piano eSIM Revolut ma non riesco proprio a installarlo/attivarlo sul telefono, e sto iniziando a preoccuparmi che soldi o dati personali siano a rischio. Potete dirmi subito come verificare se il device supporta eSIM, se deve essere sbloccato e online, e cosa controllare per l’installazione e l’uso dei dati/roaming?"
it_startup_founder,esim_activation_failed,confused_by_app_updates,"Ho comprato una eSIM su Revolout per un viaggio ma non riesco proprio a installarla/attivarla sul telefono, e l’app adesso ha un’interfaccia diversa dalle istruzioni che trovo online quindi non capisco dove andare. Mi potete dire i passi giusti per verificare se il device supporta eSIM, se è sbloccato e connesso, e dove trovare l’opzione per installazione/roaming?"
it_startup_founder,esim_activation_failed,angry_after_waiting,"Ho comprato una Revolut eSIM ma non si installa né si attiva sul mio telefono, e sto perdendo tempo da troppo. Voglio una soluzione chiara subito: controllate se il device supporta eSIM, se è sbloccato, se sono online, e come devo fare setup/roaming senza errori."
it_startup_founder,crypto_withdrawal_pending,empty,"Ho fatto un withdrawal crypto da Revolut verso un wallet esterno ma è ancora pending e il destinatario non ha ricevuto nulla. Potete controllare network selezionato, address, limiti e fee, se servono altre info sul wallet owner o security checks, e dirmi anche cosa succede se la transazione resta bloccata o fallisce?"
it_startup_founder,crypto_withdrawal_pending,poor_internet_connection,"Ragazzi, ho fatto un withdrawal crypto da Revolut verso un wallet esterno ma è ancora pending e il destinatario non vede i fondi. Potete controllare network selezionata, address wallet, limiti/fees e se servono info extra o security check? La mia connessione va e viene e le schermate/upload falliscono 계속, quindi ho bisogno di capire subito se è solo pending per le confirmations della blockchain o se il trasferimento è bloccato/fallito."
it_startup_founder,crypto_withdrawal_pending,anxious_security_fear,"Ragazzi sono molto in ansia: ho fatto un withdrawal crypto da Revolut verso un wallet esterno, ma è ancora pending e il destinatario non vede nulla. Potete controllare subito network selezionato, wallet address, limiti/fees e se servono altri dati del wallet owner o security checks? Voglio capire anche se le blockchain confirmations stanno rallentando tutto e cosa succede se la transazione fallisce o resta bloccata, perché davvero temo per i miei soldi e i miei dati."
it_startup_founder,crypto_withdrawal_pending,confused_by_app_updates,"Ragazzi, ho fatto un withdrawal crypto da Revolut verso un wallet esterno ma è ancora pending e il destinatario non vede i fondi. L’app adesso è diversa dalle istruzioni che ho trovato e non riesco più a capire dove controllare network scelto, address, fee e se serve qualche info extra del wallet o security check; potete dirmi cosa devo verificare e cosa fare se resta bloccato?"
it_startup_founder,crypto_withdrawal_pending,angry_after_waiting,"Ragazzi, il mio withdrawal crypto da Revolut verso wallet esterno è ancora pending da troppo e il destinatario non vede nulla, need a clear answer now. Controllate subito network selezionato, wallet address, limiti e fee, se servono info extra sul wallet owner o security checks, e se devo aspettare altre blockchain confirmations o fare qualcosa se la transazione fallisce o resta bloccata."
it_startup_founder,trading_order_pending,empty,"Ho piazzato un buy order su Revolut Trading ma resta pending e le azioni non compaiono in portfolio. Mi potete spiegare se è per market hours, order type, cash disponibile o fractional shares, e quando può restare in attesa o essere cancellato?"
it_startup_founder,trading_order_pending,poor_internet_connection,"Ho piazzato un buy order su Revolut Trading ma è ancora pending e le azioni non compaiono in portfolio, e con la mia connessione che salta continuo a vedere schermate che falliscono. Potete dirmi se è per market hours, order type, cash disponibile, frazioni, trading halt o altre limitazioni tipo sell-only, e quando viene eseguito o cancellato l’ordine?"
it_startup_founder,trading_order_pending,anxious_security_fear,"Ciao, ho piazzato un ordine di acquisto su Revolut Trading ma è ancora pending e le azioni non compaiono in portfolio — sono molto in ansia, puoi confermarmi se i miei soldi e i miei dati sono al sicuro? Voglio capire subito se è solo questione di market hours, tipo ordine, cash disponibile, fractional shares o eventuali trading halt/sell-only restriction, perché non vorrei che il trade venga bloccato o cancellato."
it_startup_founder,trading_order_pending,confused_by_app_updates,"Ho piazzato un buy order su Revolut Trading ma resta pending e non vedo le azioni in portfolio, e in più l’interfaccia è diversa da quella delle istruzioni che trovo online quindi non riesco a capire dove controllare. Mi potete spiegare se dipende da market hours, tipo di ordine, cash disponibile, frazioni, extended hours o magari un trading halt / sell-only restriction?"
it_startup_founder,trading_order_pending,angry_after_waiting,"Ho piazzato un buy order su Revolut Trading ma è ancora pending da troppo tempo e le azioni non compaiono in portfolio, voglio una risposta chiara subito. Ditemi se è per market hours, tipo di ordine, extended hours, cash disponibile, fractional shares, trading halt o sell-only restriction, perché così non capisco se verrà eseguito o cancellato."
pl_expat_parent,identity_passport_upload,empty,"Hi, my account was limited for security review and the app asks for passport/ID, but I cant find where to upload it. My card stopped working too — can you tell me how to open the request in the app and send a clear photo securely so you can review it and restore access?"
pl_expat_parent,identity_passport_upload,poor_internet_connection,"Mam tymczasowo ograniczony account po review security i app prosi o passport/ID, ale nie moge znalezc gdzie to wgrac na Androidzie, a przy slabych danych ekran sie wiesza i card nie dziala. Czy mozecie podac krok po kroku jak otworzyc ten request, zrobic clear photo passport i bezpiecznie wyslac dokument, zeby Revolut to sprawdzil i przywrocil dostep?"
pl_expat_parent,identity_passport_upload,anxious_security_fear,"Mam pilnie ograniczony account po review i karta nie dziala, a w appce nie widze gdzie mam wrzucic passport/ID. Boje sie o swoje pieniadze i dane, prosze napiszcie mi krok po kroku gdzie otworzyc request w apce Android, jak zrobic i wyslac czytelne zdjecie dokumentu i czy to jest bezpieczne — czy po weryfikacji full access wroci?"
pl_expat_parent,identity_passport_upload,confused_by_app_updates,"Hej, moj Revolut account jest temporarily limited po review i aplikacja prosi o passport/ID, ale interfejs wyglada inaczej niz w instrukcji i nie moge znalezc gdzie to wrzucic. Card nie dziala i potrzebuje krok po kroku jak otworzyc request w appce, zrobic clear photo passportu i wyslac to bezpiecznie, bo chce odzyskac full access na szybko."
pl_expat_parent,identity_passport_upload,angry_after_waiting,"Mam juz dosc czekania — konto jest ograniczone i karta nie dziala, a w appce nie widze gdzie mam wgrac passport/ID. Prosze mi od razu napisac, jak otworzyc ten request, zrobic clear photo i wyslac dokument, bo potrzebuje pelny access teraz."
pl_expat_parent,proof_of_address_rejected,empty,"Hi, I tried to verify my address but my proof was rejected and I don’t understand why. I uploaded a screenshot of an online bill — can you tell me what documents are accepted, and if my name/address need to match exactly and how recent it must be?"
pl_expat_parent,proof_of_address_rejected,poor_internet_connection,"Hi, I tried to verify my address but the proof got rejected and I’m not sure why. I uploaded a screenshot of an online bill, but maybe the name/address or date isn’t ok? My connection is bad and the upload keeps failing, so can you tell me what documents are accepted and how to resubmit it in the app?"
pl_expat_parent,proof_of_address_rejected,anxious_security_fear,"Hi, I tried to verify my address but the document was rejected — I uploaded a screenshot of my online bill, and I’m really worried something is wrong with my account or data. Can you please tell me what proof of address is acceptable, check if my name/address need to match my profile exactly, and how to resubmit it in the app?"
pl_expat_parent,proof_of_address_rejected,confused_by_app_updates,"Próbowałam zweryfikowac adres, ale mój proof of address został odrzucony i nie rozumiem czemu — dodałam screenshot billa online. Możecie sprawdzic jakie dokumenty są akceptowane i gdzie teraz w appce mam to ponownie wyslac? Interfejs wygląda inaczej niz w instrukcji, więc nie mogę znalezc tej opcji."
pl_expat_parent,proof_of_address_rejected,angry_after_waiting,"Why was my proof of address rejected? I uploaded a bill screenshot and waited too long already, so please tell me exactly what document is accepted and how to resubmit it now — the name and address should match my Revolut profile, so I need a clear fix immediately."
pl_expat_parent,source_of_funds_review,empty,"Dostalam prosbe o dokumenty dot. source of funds po kilku wiekszych wplatach i troche sie martwie, czy konto nie zostanie zamkniete. Mozecie prosze wyjasnic jakie dokładnie evidence mozecie poprosic, np. payslips, tax docs, bank statements albo umowe sprzedazy, i jak mam pokazac, ze to wspiera te konkretne transakcje?"
pl_expat_parent,source_of_funds_review,poor_internet_connection,"Dostalam w appce prosbe o dokumenty dot. source of funds po kilku wiekszych przelewach i troche sie martwie, ze konto bedzie zamkniete. Jakie dokladnie dokumenty moga byc potrzebne — payslips, tax docs, bank statements, umowa sprzedazy albo cos innego? Upload mi ciagle pada przez slabe wifi, wiec potrzebuje jasnej informacji na szybko."
pl_expat_parent,source_of_funds_review,anxious_security_fear,"Dostalam od Revolut prosbe o dokumenty o zrodle srodkow po kilku wiekszych przelewach i bardzo sie martwie, bo boje sie ze konto zostanie zamkniete albo moje dane beda zagrozone. Czy mozecie prosze jasno powiedziec, jakie dowody moge wyslac, np. payslip, tax documents, bank statements albo umowe sprzedazy, i czy one musza dokladnie potwierdzac te transakcje?"
pl_expat_parent,source_of_funds_review,confused_by_app_updates,"Dostałam w appce prośbę o dokumenty dot. source of funds po kilku większych przelewach i trochę sie martwie, czy konto nie zostanie zamkniete. Interfejs mi sie zmienil i nie moge znalezc gdzie mam to wyslac — mozecie prosze wyjasnic, jakie dokumenty sa potrzebne i gdzie je wgrac?"
pl_expat_parent,source_of_funds_review,angry_after_waiting,"Dostalem od Revolut prosbe o dokumenty potwierdzajace source of funds po kilku duzych przelewach i czekam juz za dlugo — prosze o jasne info, jakie konkretnie dokumenty mam teraz wyslac, bo nie chce zeby konto zostalo zamkniete. Czy wystarcza payslips, tax docs, bank statements albo umowa sprzedazy, i czy maja one dokladnie pokrywac te transakcje?"
pl_expat_parent,card_payment_declined_enough_funds,empty,"W sklepie platnosc moja karta Revolut zostala odrzucona mimo ze mam wystarczajaco srodkow. Mozecie sprawdzic co moglo to blokowac w appce, np. security settings, limity, frozen card albo security decline, zebym wiedziala co zmienic przed ponowna proba?"
pl_expat_parent,card_payment_declined_enough_funds,poor_internet_connection,"Płatnosc w sklepie moją Revolut kartą jest odrzucona, mimo ze mam wystarczajaco srodków. Czy mozecie sprawdzić, czy to nie jest blokada w appce, limit, frozen card albo security decline i co mogę szybko zmienić przed ponowną próbą?"
pl_expat_parent,card_payment_declined_enough_funds,anxious_security_fear,"Płaciłam w sklepie kartą Revolut i transakcja została odrzucona, mimo ze mam wystarczajaco srodkow. Czy mozesz sprawdzic, czy karta nie jest zablokowana, frozen, albo czy nie ma limitu/ustawien bezpieczenstwa, bo bardzo sie martwie o moje pieniadze i dane? Chce wiedziec, co moge szybko zmienic w apce przed kolejną próbą, dzięki."
pl_expat_parent,card_payment_declined_enough_funds,confused_by_app_updates,"W sklepie platnosc moją Revolut card jest odrzucana, chociaz mam wystarczajaco srodkow na koncie. Sprawdzilam instrukcje, ale w aplikacji wszystko wyglada inaczej i nie moge znalezc gdzie sprawdzic security settings, limity albo czy karta nie jest frozen — mozecie powiedziec co moge zmienic w app zanim sprobuje ponownie?"
pl_expat_parent,card_payment_declined_enough_funds,angry_after_waiting,"Payment in store was declined even though I have enough money in Revolut. I need a clear reason now — can you check if it’s card security, limits, frozen card, location settings, wrong PIN attempts or merchant restriction, and tell me exactly what I can change in the app before I try again?"
pl_expat_parent,apple_pay_card_add_failed,empty,"Nie moge dodac mojej Revolut karty do Apple Pay, wallet pokazuje blad podczas weryfikacji. Prosze o kroki co sprawdzic: czy karta i Apple Pay sa aktywne, czy appka Revolut i iOS sa aktualne, czy karta nie jest zablokowana, czy numer telefonu do kodow jest poprawny i czy lepiej dodac karte z poziomu aplikacji Revolut zamiast wpisywac dane recznie."
pl_expat_parent,apple_pay_card_add_failed,poor_internet_connection,"Nie moge dodac mojej karty Revolut do Apple Pay, bo przy weryfikacji w wallet app wyskakuje blad, a internet mi sie zacina i wszystko failuje. Czy mozecie prosze podac szybkie kroki: sprawdzic czy karta jest eligible, zaktualizowac Revolut i iOS, upewnic sie ze karta jest active i nie zablokowana, oraz czy kod przychodzi na ten sam numer telefonu? Chcialabym tez wiedziec czy lepiej dodac karte z appki Revolut, a nie recznie, bo teraz nic nie przechodzi."
pl_expat_parent,apple_pay_card_add_failed,anxious_security_fear,"Nie moge dodac mojej karty Revolut do Apple Pay, w Wallet pokazuje blad przy weryfikacji i zaczynam sie martwic o moje pieniadze i dane. Czy mozecie potwierdzic, ze wszystko jest bezpieczne, i dac mi prosze szybkie kroki co sprawdzic: czy karta jest aktywna, czy nie jest zablokowana, czy mam dobry numer do kodu i czy mam dodac karte z aplikacji Revolut, a nie recznie?"
pl_expat_parent,apple_pay_card_add_failed,confused_by_app_updates,"Czesc, probuje dodać moją Revolut card do Apple Pay, ale podczas weryfikacji wyskakuje blad i teraz interfejs w aplikacji wyglada inaczej niz w instrukcji, wiec nie moge znalezc tej opcji. Mozecie prosze podpowiedziec krok po kroku, jak sprawdzic czy card jest eligible, czy aplikacja i iOS sa zaktualizowane, czy karta nie jest blocked i czy kod idzie na dobry numer, bo chcialabym dodac ją z poziomu Revolut app, a nie wpisywac dane recznie?"
pl_expat_parent,apple_pay_card_add_failed,angry_after_waiting,"Cannot add my Revolut card to Apple Pay, wallet app keeps showing a verification error and I’ve already waited too long for this, so please tell me exactly how to fix it now. Check if my card is eligible, that Revolut and iOS are updated, card is active and not blocked, my phone number gets the code, and if I should add it again from the Revolut app instead of typing details manually."
pl_expat_parent,virtual_card_not_working,empty,"Czesc, utworzylam w appce virtual card do zakupu online, ale merchant ciagle odrzuca platnosc. Mozecie sprawdzic czy to zwykla virtual card czy single-use, czy online payments sa wlaczone i czy dobrze wpisuje billing address oraz dane karty?"
pl_expat_parent,virtual_card_not_working,poor_internet_connection,"Hej, utworzylam virtual card do zakupu online, ale merchant ciagle odrzuca platnosc i nie moge dojsc czemu. Czy mozesz sprawdzic czy mam wlaczone online transactions, czy to jest zwykla virtual card czy single-use, i czy billing address/card details wpisalam dobrze?"
pl_expat_parent,virtual_card_not_working,anxious_security_fear,"Mam problem z platnoscia karta wirtualna do zakupu online, merchant odrzuca transakcje i zaczynam sie martwic czy moje dane albo pieniadze sa bezpieczne. Czy możecie potwierdzic, czy to zwykla virtual card czy single-use, sprawdzic czy online payments sa wlaczone i czy billing address/card details musza byc wpisane dokladnie?"
pl_expat_parent,virtual_card_not_working,confused_by_app_updates,"Mam problem z platnoscia online na wirtualnej karcie, merchant odrzuca transakcje. W appce wyglada to inaczej niz w instrukcji, wiec nie moge znalezc czy to zwykla virtual card czy single-use, ani gdzie sprawdzic czy online payments sa wlaczone i czy billing address mam wpisany dobrze."
pl_expat_parent,virtual_card_not_working,angry_after_waiting,"Dlaczego moj virtual card do zakupu online ciagle jest odrzucany?! Sprawdzcie od razu czy mam wlaczone online payments, czy to zwykly virtual card czy single-use i czy billing address oraz dane karty sa wpisane dobrze, bo czekam juz za dlugo na jasna odpowiedz."
pl_expat_parent,lost_stolen_card_freeze,empty,"Zgubilam fizyczna karte Revolut w podrozy i boje sie, ze ktos jej uzyje. Prosze o szybkie instrukcje jak ja zablokowac w appce, sprawdzic ostatnie transakcje i zglosic ewentualne fraud, a jesli trzeba to zamowic nowa karte na prawidlowy adres. Czy moge dalej platac wirtualna karta albo przez Apple/Google Pay, dopoki nie przyjdzie nowa?"
pl_expat_parent,lost_stolen_card_freeze,poor_internet_connection,"Zgubilam fizyczna karte Revolut w podrózy i boje sie, ze ktos jej uzyje. Jak najszybciej chce ja zamrozic w appce na Androidzie, sprawdzic ostatnie transakcje i zglosic ewentualne fraud payments, ale mam slaby internet i ekran mi ciagle nie wczytuje. Czy moge tez od razu zamowic replacement card na moj adres w Warszawie i dalej placic virtual card albo Google Pay, dopoki nowa nie przyjdzie?"
pl_expat_parent,lost_stolen_card_freeze,anxious_security_fear,"Hej, zgubilam fizyczna karte Revolut w podrozy i bardzo sie boje, ze ktos moze jej uzyc albo juz uzywa moich danych. Prosze o pilne potwierdzenie co mam zrobic w aplikacji, jak natychmiast zamrozic karte, sprawdzic ostatnie transakcje i zglosic ewentualne fraud payments, oraz jak zamowic replacement card na dobry adres — czy do tego czasu nadal moge placic virtual card albo przez Google Pay?"
pl_expat_parent,lost_stolen_card_freeze,confused_by_app_updates,"Zgubiłam fizyczną kartę Revolut w podrózy i boję się, że ktoś jej użyje, ale w aplikacji wszystko wygląda inaczej niż w instrukcji i nie mogę znaleźć gdzie ją zamrozić. Możecie proszę powiedzieć krok po kroku, gdzie sprawdzić ostatnie transakcje, zgłosić ewentualne fraud payments i zamówić nową kartę na mój adres?"
pl_expat_parent,lost_stolen_card_freeze,angry_after_waiting,"Zgubilam fizyczna karte Revolut w podrózy i jestem juz mega wkurzona, bo czekam za długo na pomoc — prosze od razu powiedzcie jak ją zamrozić w appce, sprawdzic ostatnie transakcje i zglosic ewentualne fraud payments. Jeśli trzeba, chcę tez od razu zamówić replacement card na poprawny adres i dalej używać virtual card albo Google Pay, bo potrzebuję to załatwić teraz, na szybko."
pl_expat_parent,atm_withdrawal_pending,empty,"I tried to withdraw cash from an ATM, but no money came out and in Revolut it’s still showing as pending. Can you confirm if this can stay pending while the ATM operator settles or reverses it, and what I should do if it ends up completed without me receiving cash?"
pl_expat_parent,atm_withdrawal_pending,poor_internet_connection,"Hej, probowalam wyplacic gotowke z ATM, ale bankomat nie wydal pieniedzy, a w Revolut widze transakcje jako pending. Internet mi sie tnie i wszystko sie zacina, wiec potrzebuje szybko potwierdzenia czy to moze sie samo cofnac po rozliczeniu operatora i co mam zrobic jesli status sie nie zmieni, a kasy nie dostalam."
pl_expat_parent,atm_withdrawal_pending,anxious_security_fear,"Hej, probowalam wyplacic gotowke z bankomatu, ale nic nie wydalo, a w Revolut widze to dalej jako pending. Jestem bardzo zestresowana, czy moje pieniadze albo dane sa bezpieczne? Proszę o szybkie potwierdzenie co z tym zrobic i czy mam czekac na update czy od razu zglaszac dalej."
pl_expat_parent,atm_withdrawal_pending,confused_by_app_updates,"Próbowalam wybrac gotowke z ATM, ale bankomat nie wydal pieniedzy, a w Revolut widze pending. Interfejs w apce wyglada inaczej niz w instrukcji i nie moge znalezc, gdzie to sprawdzic — czy to normalne, ze taka tranzakcja moze byc chwilowo pending, i co mam zrobic dalej?"
pl_expat_parent,atm_withdrawal_pending,angry_after_waiting,"ATM nie wydał mi gotówki, a w Revolut dalej widnieje pending — czekam już za długo i chcę jasną odpowiedź teraz. Czy to normalne, że taki przelew z bankomatu może wisieć, i co mam zrobić, jeśli transakcja się rozliczy bez wypłaty?"
pl_expat_parent,card_refund_missing,empty,"Hi, I returned an item and the merchant says the refund was issued, but I still cant see the money in my Revolut balance. Can you check the original card payment and tell me if a refund can still be pending or linked to that transaction?"
pl_expat_parent,card_refund_missing,poor_internet_connection,"Hej, zwrocilam produkt i sprzedawca mowi, ze refund już poszedl, ale nic nie widze jeszcze w Revolut balance. Czy mozecie sprawdzic ten original card payment i powiedziec ile to zwykle trwa, bo internet mi teraz wariuje i ekran sie wysypuje? Jeśli minął juz normalny czas, to czy mam najpierw poprosic merchant o potwierdzenie refundu czy od razu zgłaszac to do Revolut?"
pl_expat_parent,card_refund_missing,anxious_security_fear,"Dostałam info od merchant, ze refund za zwrot juz wyslali, ale nic nie widze w Revolut i troche sie stresuje, bo nie wiem czy pieniadze albo moje dane sa bezpieczne. Czy mozecie sprawdzic ten original payment i potwierdzic, czy taki card refund moze jeszcze dotrzec pozniej albo pojawic sie przy tej samej transakcji?"
pl_expat_parent,card_refund_missing,confused_by_app_updates,"Zrobilam zwrot do merchant i powiedzieli, ze refund poszedl, ale nie widze tej kasy w Revolut balance. W appce interface wyglada inaczej niz w instrukcjach i nie moge znalezc gdzie sprawdzic ten original transaction albo status refundu — mozecie powiedziec, gdzie to jest i po ilu dniach mam pisac do merchant / do Was, jesli dalej nie przyjdzie?"
pl_expat_parent,card_refund_missing,angry_after_waiting,"Oddalam zwrot do merchant i powiedzieli, ze refund juz poszedl, a w Revolut nadal nic nie ma — chcę teraz jasne sprawdzenie tej transakcji i kiedy dokladnie mam zglosic to do was albo do sklepu. Nie mam czasu czekać w nieskonczonosc, prosze o konkretną odpowiedz i potwierdzenie, czy refund moze sie pokazac przy oryginalnej platnosci."
pl_expat_parent,chargeback_case_update,empty,"Hej, złożyłam dispute do płatnosci kartą, bo merchant nie dostarczył towaru, ale w apce dalej nie mam żadnej aktualizacji. Możecie prosze wyjasnic jak przebiega chargeback i czy potrzebujecie ode mnie jeszcze jakieś evidence, np. receipt, tracking, korespondencje z merchantem albo potwierdzenie anulowania?"
pl_expat_parent,chargeback_case_update,poor_internet_connection,"Zglosilam dispute do kartowej platnosci, bo merchant nie dostarczyl towaru, ale nie mam zadnej aktualizacji w appce. Czy mozecie wyjasnic, jak wyglada proces chargeback i jakie dokumenty jeszcze moga byc potrzebne - mam receipt, info o dostawie i rozmowe z merchantem, ale upload ciagle sie wiesza przez slabe wifi."
pl_expat_parent,chargeback_case_update,anxious_security_fear,"Hi, I disputed a card payment because the merchant never delivered the goods, and I’m really anxious now — is my money and data safe? I haven’t got any update on the chargeback case yet, can you explain what’s happening and if you need any evidence from me like receipts, tracking, messages with the merchant or cancellation proof?"
pl_expat_parent,chargeback_case_update,confused_by_app_updates,"Zglosilam dispute do card payment bo merchant nie dostarczyl goods, ale w appce wyglada to inaczej niz w instrukcji i nie moge znalezc statusu sprawy. Czy mozecie wyjasnic, jak teraz wyglada proces chargeback i jakie evidence moze byc potrzebne, np. receipt, tracking, kontakt z merchantem albo confirmation of cancellation?"
pl_expat_parent,chargeback_case_update,angry_after_waiting,"Minelo juz za dlugo od mojego dispute card payment i nadal nie mam zadnego update. Prosze o jasne wyjasnienie, na jakim etapie jest chargeback i kiedy dostane finalna odpowiedz, bo merchant nie dostarczyl towaru i potrzebuje rozstrzygniecia na teraz."
pl_expat_parent,top_up_reverted,empty,"Dzień dobry, doładowałam Revolut kartą debetową, saldo na chwilę wzrosło, a potem top-up został cofnięty. Możecie sprawdzić, czy to problem z weryfikacją, ograniczeniem karty albo odrzuceniem przez bank, i powiedzieć czy mogę spróbować ponownie, czy lepiej zrobić przelew bankowy?"
pl_expat_parent,top_up_reverted,poor_internet_connection,"Dzisiaj probowalam doladowac Revolut karta debetowa, saldo na chwile wzroslo, a potem wszystko sie cofnelo. Mam niestabilny internet i ekran mi sie zawiesza, wiec prosze o info czy to mogl odrzucic bank/karta, czy lepiej sprobowac ponownie, zrobic bank transfer albo skontaktowac sie z issuerem karty?"
pl_expat_parent,top_up_reverted,anxious_security_fear,"Dzien dobry, doladowalam Revolut karta debetowa i saldo na chwile wzroslo, a potem top-up zostal cofnięty — jestem bardzo zaniepokojona, czy to znaczy ze moje pieniadze albo dane sa bezpieczne? Proszę o wyjasnienie, czy powinnam probowac ponownie, zrobic przelew z banku, czy kontaktowac sie z wydawca karty."
pl_expat_parent,top_up_reverted,confused_by_app_updates,"Dzis wieczorem zrobilam top up karta debetowa, saldo na chwile wzroslo, a potem wrocilo do poprzedniego stanu. Nie moge tez znalezc w aplikacji tej opcji, ktora widze w instrukcjach, bo interfejs wyglada inaczej — mozecie prosze powiedziec, co moglo to cofnac i czy mam probowac jeszcze raz, przelewem bankowym, czy kontaktowac sie z bankiem?"
pl_expat_parent,top_up_reverted,angry_after_waiting,"Dodalam pieniadze karta debetowa do Revoluta, saldo na chwile wzroslo, a potem top up zostal cofnięty — czekam juz za dlugo i chce teraz jasne wyjasnienie, dlaczego tak sie stalo. Powiedzcie prosze od razu, czy mam sprobowac jeszcze raz, zrobic przelew bankowy, czy dzwonic do mojego banku, bo potrzebuje to zalatwic na szybko."
pl_expat_parent,bank_transfer_pending_inbound,empty,"Hi, I’m waiting for a bank transfer to show up in my Revolut but it’s still pending/missing, even though the sender says it was sent. Can you check if the correct account details were used and let me know what info you need to trace it if it doesn’t arrive soon?"
pl_expat_parent,bank_transfer_pending_inbound,poor_internet_connection,"Czekam na incoming przelew bankowy do Revolut, ale nadal nie ma go w appce, a nadawca mówi, że wysłał już money. Mój internet dzisiaj szaleje, screens i uploady mi failują, więc proszę help: jak sprawdzić czy podał właściwe local/international details, czy ten typ przelewu i currency są supported, i jakie info będzie potrzebne do trace jeśli nie dojdzie na czas?"
pl_expat_parent,bank_transfer_pending_inbound,anxious_security_fear,"Hej, czekam na incoming przelew do Revolut i sender mowi, ze wyslal juz pieniadze, ale u mnie dalej nic nie ma — jestem bardzo zaniepokojona, czy moge prosic o sprawdzenie czy podane dane konta byly na pewno poprawne i czy taki transfer jest wspierany? Boje sie tez, czy nie byl uzyty zly typ przelewu albo bank posredniczacy, i prosze dajcie mi spokojnie potwierdzenie co trzeba podac do trace, jesli nie dojdzie na czas."
pl_expat_parent,bank_transfer_pending_inbound,confused_by_app_updates,"Czesc, czekam na incoming przelew do Revolut, sender says it was sent, ale u mnie nadal pending albo w ogole go nie widac. App interface looks different than the instructions I found i nie moge znalezc gdzie sprawdzic czy podano dobre local/international details ani jak sprawdzic czy currency/type transferu sa supported — mozecie prosze powiedziec co mam sprawdzic i jakie dane potrzebujecie do trace, jesli nie dojdzie na czas?"
pl_expat_parent,bank_transfer_pending_inbound,angry_after_waiting,"Dlaczego ten przelew nadal nie jest w Revolut? Nadawca twierdzi, że wysłał pieniadze dawno temu, a ja nadal mam pending/missing — sprawdzcie prosze od razu czy uzyto dobrych danych konta, czy waluta i typ przelewu sa obslugiwane, i czy nie siedzi to u banku posredniczacego. Jeśli trzeba trace, napiszcie dokładnie jakie info mam podac, bo czekam juz za dlugo i potrzebuje jasnej odpowiedzi teraz."
pl_expat_parent,wrong_revolut_recipient_transfer,empty,"Przez pomylke wyslalam przelew do zlego kontaktu/Revtag w Revolut i teraz chce wiedziec czy da sie go jeszcze anulowac. Jesli nie, jak moge skontaktowac sie z odbiorca zeby poprosic o zwrot, jak zglosic to w aplikacji jesli nie odpowie, i jak najlepiej sprawdzac dane przed potwierdzeniem, zeby to sie nie powtorzylo?"
pl_expat_parent,wrong_revolut_recipient_transfer,poor_internet_connection,"Przez slaby internet chyba wyslalam przel do zlego Revolut customer, wybralam zly kontakt/Revtag i teraz nie wiem co dalej. Czy da sie to anulowac albo jak moge napisac do odbiorcy z prosba o zwrot, a jesli nie odpowie to jak to zglosic?"
pl_expat_parent,wrong_revolut_recipient_transfer,anxious_security_fear,"Przez pomylke wyslalam przelew do zlego konta Revolut, wybralam zly kontakt/Revtag i teraz bardzo sie boje, ze pieniadze przepadly albo moje dane sa narazone. Czy da sie to anulowac, jak moge skontaktowac sie z odbiorca z prosba o zwrot i gdzie to zglosic, jesli nie bedzie chcial oddac?"
pl_expat_parent,wrong_revolut_recipient_transfer,confused_by_app_updates,"Przez przypadek wyslalam przelew do zlego Revolut kontaktu/Revtag i teraz app wyglada inaczej niz w instrukcji, wiec nie moge znalezc opcji cofnij albo kontaktu do odbiorcy. Czy ten przelew da sie jeszcze anulowac, a jesli nie, to jak najlepiej poprosic o zwrot i gdzie to zglosic, zeby nie pomylic tego znowu?"
pl_expat_parent,wrong_revolut_recipient_transfer,angry_after_waiting,"Przez pomylke wyslalam przelew do zlego Revolut customer, wybralam zly contact/Revtag i czekam juz za dlugo na pomoc. Czy da sie to anulowac natychmiast, a jesli nie, to jak mam skontaktowac sie z odbiorca i zglosic sprawe, gdy nie odda pieniedzy?"
pl_expat_parent,bank_transfer_extra_info_request,empty,"Hi, I started a bank transfer and now Revolut is asking for extra info before it goes through — can you explain what details I need to provide? If needed I can send purpose of payment, my relationship to the recipient, or any invoice/contract, but I’m not sure what’s expected."
pl_expat_parent,bank_transfer_extra_info_request,poor_internet_connection,"Hej, zrobilam przelew w apce i Revolut prosi o dodatkowe info, ale nie wiem czemu jest review. Internet mi przerywa i screeny/uploady sie sypia, wiec prosze napiszcie dokładnie jakie dane mam podać: purpose of payment, relationship to recipient, invoice/contract albo inne potwierdzenie?"
pl_expat_parent,bank_transfer_extra_info_request,anxious_security_fear,"Hi, I just started a bank transfer and now Revolut is asking for extra information before it can be processed — why is this happening? I’m quite anxious, is my money or personal data safe, and what exactly do you need from me to help the review go through?"
pl_expat_parent,bank_transfer_extra_info_request,confused_by_app_updates,"Zrobilam przelew w appce, ale Revolut prosi o dodatkowe info i interfejs wygląda inaczej niz w instrukcjach, wiec nie moge znalezc gdzie to uzupełnic. Czy możecie powiedziec dokładnie co mam podać do review, np. purpose of payment, relationship to recipient albo invoice/contract, zebym mogła to wyslac na szybko?"
pl_expat_parent,bank_transfer_extra_info_request,angry_after_waiting,"Dlaczego ten przelew jest dalej w review? Czekam już za długo i potrzebuje jasnej odpowiedzi od razu — napiszcie dokładnie jakie info mam podac, czy chodzi o purpose of payment, relacje do odbiorcy, invoice albo contract, bo chce to zamknac na szybko."
pl_expat_parent,scheduled_payment_insufficient_funds,empty,"Czemu mój zaplanowany przelew nie poszedł, skoro był ustawiony na dziś wieczorem? Na koncie nie było chyba wystarczajaco środków w GBP, więc proszę o info jak doładować konto i ponowić ten payment albo utworzyć nowy scheduled transfer, i jak mogę edytować albo anulować przyszłe przelewy w appce."
pl_expat_parent,scheduled_payment_insufficient_funds,poor_internet_connection,"Mam ustawiony scheduled przelew, ale nie poszedl bo zabraklo srodkow na koncie w tym czasie — mozecie prosze wyjasnic czemu, jak doladowac konto i wyslac go jeszcze raz albo zrobic nowy? Chce tez wiedziec jak edytowac albo anulowac przyszle scheduled transfers, bo aplikacja mi teraz ciagle sie wiesza i upload nie dziala."
pl_expat_parent,scheduled_payment_insufficient_funds,anxious_security_fear,"Dlaczego mój scheduled transfer nie wyszedl dzisiaj? Na saldzie chyba bylo za malo GBP i teraz boje sie, czy pieniadze albo dane sa bezpieczne — prosze potwierdzcie i napiszcie jak doladowac konto, zrobic retry albo ustawic nowy przelew, a tez jak edytowac lub anulowac przyszle transfery, zeby to sie nie powtorzylo."
pl_expat_parent,scheduled_payment_insufficient_funds,confused_by_app_updates,"Mialam zaplanowany przelew, ale nie poszedl, bo chyba zabraklo srodkow na koncie w tym momencie. W aplikacji wszystko wyglada inaczej niz w instrukcji, wiec nie moge znalezc gdzie doladowac konto i jak ponowic ten przelew albo edytowac/anulowac kolejne zaplanowane platnosci — mozecie mi prosze napisac krok po kroku?"
pl_expat_parent,scheduled_payment_insufficient_funds,angry_after_waiting,"Mialam ustawiony scheduled przelew, ale nie poszedl, bo w tym momencie nie bylo dosc srodkow na Revolut. Dlaczego to nie przeszlo automatycznie, jak mam teraz doladowac i zrobic retry albo utworzyc nowy przelew od razu, oraz jak moge edytowac albo anulowac przyszle scheduled transfery? Chce tez wiedziec, jak uniknac tego w przyszlosci, zeby na GBP byla zawsze wystarczajaca kwota."
pl_expat_parent,direct_debit_unrecognized,empty,"Hi, I saw a Direct Debit attempt in my Revolut that I don’t recognize and want to stop it before more money is taken. Can you help me find the mandate in the app, check the merchant name and payment history, and tell me how to cancel it if needed?"
pl_expat_parent,direct_debit_unrecognized,poor_internet_connection,"Hi, I see a Direct Debit attempt in my Revolut app that I don't recognize and I want to stop it before any more money is taken. Could you help me find the mandate, check the merchant name and payment history, and cancel it if needed? My internet is unstable so screens keep failing, and if it was already taken or set up fraudulently I need to know what to do next."
pl_expat_parent,direct_debit_unrecognized,anxious_security_fear,"Mam niepokojący Direct Debit w appce i nie rozpoznaję tego mercha, bardzo sie boje ze to fraud i że ktos ma moje dane. Prosze pomóc mi szybko znalezc mandat, sprawdzic historie platnosci i od razu go anulowac, zanim zabiora kolejne pieniadze — i dajcie mi prosze potwierdzenie co zrobic, jesli juz cos zeszlo."
pl_expat_parent,direct_debit_unrecognized,confused_by_app_updates,"Mam w Revolut podejrzany Direct Debit i chcę go stopnac zanim pobiora kolejne pieniadze, ale interfejs w aplikacji wyglada inaczej niz w instrukcji i nie moge znaleźć gdzie sprawdzić mandat. Czy mozecie mi pokazac gdzie w appce znajde nazwe merchant, historie platnosci i jak anulowac ten DD, a jesli juz cos zeszlo albo to bylo ustawione fraudulently to co mam zrobic?"
pl_expat_parent,direct_debit_unrecognized,angry_after_waiting,"Mam nieznany Direct Debit na Revolut i chcę to natychmiast zatrzymać, bo nie rozpoznaję tego merchantu. Pokażcie mi proszę gdzie w apce sprawdzić mandat, historię płatności i od razu anulować go, a jeśli money już poszło albo to fraud, to co mam zrobić teraz?"
pl_expat_parent,negative_balance_after_offline_payment,empty,"Hi, my Revolut balance turned negative after a few card payments abroad went through days later, and I don’t understand why it happened now. Can you explain if some merchants can post payments offline/delayed, and tell me how to check those transactions and top up to cover the negative amount if needed?"
pl_expat_parent,negative_balance_after_offline_payment,poor_internet_connection,"Hi, my Revolut balance went negative after a few card payments from my trip abroad posted only days later. Can you explain why this happened and how I can check which transactions caused it? My internet is unstable so the app keeps failing, sorry, but I need to top up fast if needed and get this sorted."
pl_expat_parent,negative_balance_after_offline_payment,anxious_security_fear,"Hi, my Revolut balance suddenly went negative after a few card payments from abroad posted days later, and I’m really worried something is wrong or my data/money is at risk. Can you explain why this happens, reassure me it’s safe, and tell me how to check those transactions and top up to cover the minus?"
pl_expat_parent,negative_balance_after_offline_payment,confused_by_app_updates,"Hi, my Revolut balance turned negative after a few card payments abroad showed up days later, and the app looks different from the instructions I found so I can’t locate where to check it. Can you explain why this happens and where in the Android app I should review the transactions and top up to cover the negative balance?"
pl_expat_parent,negative_balance_after_offline_payment,angry_after_waiting,"Dlaczego moj Revolut balance nagle jest na minusie po kilku card payments zrobionych za granica, ktore weszly po kilku dniach? Chce teraz od razu jasne wyjasnienie i co mam zrobic, bo to nie jest okej — gdzie sprawdzic te transakcje, jak szybko doladowac, zeby pokryc minus, i co jesli jedna z platnosci wyglada na zla?"
pl_expat_parent,login_new_phone_number,empty,"Hi, I changed my phone number and now I can’t log in because the verification codes still go to my old number. Can you help me with the recovery flow to update my contact details and confirm my identity?"
pl_expat_parent,login_new_phone_number,poor_internet_connection,"Cześć, zmieniłam numer telefonu i nie mogę zalogowac do Revolut, bo kody wciąż ida na stary numer. Mam słaby internet i wszystko mi się wysypuje na ekranie, więc potrzebuję na szybko instrukcji jak przejsc recovery, potwierdzic tożsamość i zaktualizowac dane kontaktowe w koncie."
pl_expat_parent,login_new_phone_number,anxious_security_fear,"Nie moge zalogowac sie do Revolut po zmianie numeru telefonu, bo kody wciaz ida na stary numer i juz nie mam dostepu do starej SIM ani telefonu. Bardzo sie martwie o moje pieniadze i dane, prosze pomozcie mi wejsc w recovery flow na nowy numer i potwierdzic tozsamosc, bo potrzebuje tez zmienic dane kontaktowe jak najszybciej."
pl_expat_parent,login_new_phone_number,confused_by_app_updates,"Zmieniłam numer telefonu i nie mogę zalogowac sie do Revolut, bo kody dalej ida na stary numer. Instrukcje, które znalazlam, nie pasuja do tego co widze w appce na Androidzie po aktualizacji — gdzie teraz mam zaczac recovery flow i jak potwierdzic tożsamość bez starej SIM?"
pl_expat_parent,login_new_phone_number,angry_after_waiting,"Zmieniłam numer telefonu i teraz nie mogę zalogowac sie do Revolut, bo kody dalej ida na stary numer, a ja juz czekam na to za dlugo. Chce natychmiast jasnej instrukcji jak przejsc recovery flow na nowy numer, potwierdzic tozsamosc i zaktualizowac dane kontaktowe, bo nie mam juz dostepu do starej SIM ani telefonu."
pl_expat_parent,lost_passkey_device,empty,"Stracilam telefon, na ktorym byl zapisany moj Revolut passkey, a teraz na nowym Androidzie nie moge sie zalogowac. Prosze o pomoc w odzyskaniu dostepu do konta, usunieciu tego niedostepnego passkey i sprawdzeniu, jak moge zweryfikowac tozsamosc oraz zabezpieczyc konto, jesli stary telefon trafi w niepowolane rece."
pl_expat_parent,lost_passkey_device,poor_internet_connection,"Hi, I lost the phone where my Revolut passkey was saved and after a factory reset I can’t log in on my new Android, the app keeps failing because of my unstable internet. Can you help me recover access, remove/replace that passkey if possible, and make sure my account is secure if someone still has the old device?"
pl_expat_parent,lost_passkey_device,anxious_security_fear,"Stracilam telefon z zapisanym passkey do Revolut i teraz po zmianie na nowy Android nie moge sie zalogowac ani potwierdzic konta. Prosze pomozcie mi odzyskac dostep, usunac ten niedostepny passkey i zabezpieczyc konto, bo bardzo sie boje, ze ktos moze miec dostep do moich pieniedzy albo danych — czy moje srodki sa teraz bezpieczne?"
pl_expat_parent,lost_passkey_device,confused_by_app_updates,"Stracilam telefon z passkey albo zrobilam factory reset i teraz na nowym Androidzie nie moge sie zalogowac do Revolut, a interfejs w appce wyglada inaczej niz w instrukcjach i nie moge znalezc opcji odzyskania dostepu ani usuniecia tego passkey. Prosze o pomoc z recovery konta, weryfikacja tozsamosci i zabezpieczeniem konta, bo nie wiem czy stary device nie jest jeszcze dostepny dla kogos innego."
pl_expat_parent,lost_passkey_device,angry_after_waiting,"Lost my old phone with the Revolut passkey and now I can’t log in on my new Android at all. I’ve waited long enough — tell me exactly how to remove/replace that passkey, verify my identity, and secure the account right now in case someone else still has access to the lost device."
pl_expat_parent,mobile_verification_code_not_received,empty,"Nie przychodzi mi kod weryfikacyjny do logowania w aplikacji Revolut na Androidzie. Sprawdziłam numer i kod kraju, ale SMS dalej nie dochodzi — możecie proszę podpowiedzieć co jeszcze sprawdzić albo jak użyć recovery options?"
pl_expat_parent,mobile_verification_code_not_received,poor_internet_connection,"Nie moge sie zalogowac, bo kod weryfikacyjny z Revolut w ogole nie przychodzi na telefon. Sprawdzalam kilka razy, ale mam tez slaby internet i ekran mi sie czasem wywala — mozecie podpowiedziec jak sprawdzic format numeru, country code i co zrobic, zeby SMS/call na pewno doszly?"
pl_expat_parent,mobile_verification_code_not_received,anxious_security_fear,"Nie dostaje kodu weryfikacyjnego do logowania na Androidzie i jestem bardzo zaniepokojona, czy moje konto albo dane sa bezpieczne. Czy możecie prosze potwierdzić, co sprawdzić po stronie numeru telefonu i kraju, oraz czy mogę jeszcze raz wysłać kod bez ryzyka dla konta?"
pl_expat_parent,mobile_verification_code_not_received,confused_by_app_updates,"Nie moge sie zalogowac, bo kod weryfikacyjny z Revolut nie przychodzi, a instrukcje ktore znalazlam nie pasuja do tego co widze w appce po aktualizacji. Możecie prosze podpowiedziec gdzie teraz sprawdzic numer z kodem kraju i co kliknac, jesli sms albo call dalej nie dochodzi?"
pl_expat_parent,mobile_verification_code_not_received,angry_after_waiting,"Od wczoraj próbuję się zalogować i nadal nie dostaję kodu weryfikacyjnego na telefon, a potrzebuję to załatwić od razu. Sprawdźcie proszę, czy mój numer i country code są OK i co mam zrobić, żeby kod w końcu przyszedł — już długo czekam i to jest pilne."
pl_expat_parent,account_restricted_card_blocked,empty,"Hej, moja konto jest nagle restricted i w appce widze, ze informacje sa under review. Karta nie przechodzi, przelew tez jest zablokowany — mozecie prosze wyjasnic co sie dzieje i co mam doslac, zeby to szybciej odblokowac?"
pl_expat_parent,account_restricted_card_blocked,poor_internet_connection,"Hej, moj Revolut jest chyba zablokowany — card payments fail, przelewy nie chodza i w appce widze, ze moje informacje sa under review. Mam slaby internet i wszystko mi sie wiesza przy uploadzie, wiec prosze o jasne info co mam doslac i czy to da sie odblokowac szybciej, bo potrzebuje tez receipt/proof dla rodziny."
pl_expat_parent,account_restricted_card_blocked,anxious_security_fear,"Hej, od wczoraj mam restricted konto i w appce pisze, ze moje info is under review — kartą nie mogę płacić, przelewy też są blocked. Jestem bardzo zestresowana, czy moje pieniądze i dane są bezpieczne, i czy to zniknie jak tylko wyślę brakujące dokumenty?"
pl_expat_parent,account_restricted_card_blocked,confused_by_app_updates,"Hej, moja aplikacja Revolut wyglada inaczej niz w instrukcjach, które znalazlam, i nie moge znaleźć gdzie mam sprawdzic ten review/uzupelnic dokumenty. Teraz karta i przelewy sa zablokowane, a w app pokazuje tylko, ze info is under review — mozecie prosze wyjasnic co mam kliknac?"
pl_expat_parent,account_restricted_card_blocked,angry_after_waiting,"Dlaczego moj account jest restricted i wszystko teraz failuje — card payments i przelewy sa blocked, a app tylko pisze, ze moje info is under review? Czekam juz za dlugo i chce teraz jasnej odpowiedzi, co mam doslac albo zrobic, bo potrzebuje normalnie korzystac z Revolut, spoko?"
pl_expat_parent,savings_withdrawal_pending,empty,"Hi, I withdrew money from my Savings account to main balance but it’s still pending and I can’t use the funds yet. Can you check if this is normal for a Savings withdrawal and tell me where I can see the status or when it should arrive?"
pl_expat_parent,savings_withdrawal_pending,poor_internet_connection,"Czesc, zrobilam withdrawal z Savings na main balance, ale nadal jest pending i pieniadze nie sa dostepne. Mam slaby internet, aplikacja mi sie wiesza, wiec prosze o szybkie potwierdzenie gdzie sprawdzic status i czy weekend moze opozniac dostepnosc."
pl_expat_parent,savings_withdrawal_pending,anxious_security_fear,"Hi, I withdrew money from my Savings account to my main balance on Android, but it’s still pending and I’m really worried — is my money safe and can you confirm my data is ok too? Please tell me where I can check the withdrawal status and if weekend/holiday timing can delay it, because I need reassurance ASAP."
pl_expat_parent,savings_withdrawal_pending,confused_by_app_updates,"Wypłaciłam środki z Revolut Savings, ale dalej są pending i nie widze ich na main balance. Instrukcje które znalazłam nie pasują do nowego wyglądu appki na Androidzie, więc nie mogę znaleźć gdzie sprawdzić status tej wypłaty — możecie proszę potwierdzić czy to normalne i gdzie to teraz sprawdzić?"
pl_expat_parent,savings_withdrawal_pending,angry_after_waiting,"Czemu wypłata z Savings dalej jest pending i nie mam tych pieniedzy na main balance? Czekam juz za dlugo, prosze o natychmiastowe wyjasnienie gdzie to sprawdzic i kiedy to w koncu bedzie dostepne, bo to pilne."
pl_expat_parent,pocket_bill_not_enough_money,empty,"Hi, one of my bill payments from Bills Pocket failed because there wasnt enough money in it. Can you explain how Revolut takes Direct Debits from a Pocket, and how I can top it up or change the recurring transfer so this doesnt happen again? If needed, how do I move the bill back to my main account and check upcoming payments in the app?"
pl_expat_parent,pocket_bill_not_enough_money,poor_internet_connection,"Czesc, mam Bills Pocket do subskrypcji i Direct Debits, ale jeden bill nie przeszedl bo w Pocket zabraklo srodkow. Na szybko prosze o wyjasnienie jak Revolut pobiera platnosci z Pocket, jak moge ustawic wiecej money/recurring transfer do niego i czy da sie przeniesc ten bill z powrotem na glowny account, bo uploady i ekran mi ciagle padaja przy slabym necie."
pl_expat_parent,pocket_bill_not_enough_money,anxious_security_fear,"Hej, mam Bills Pocket i jeden rachunek nie przeszedl, bo zabraklo tam srodkow — czy Revolut probuje pobrac platnosc jeszcze raz i czy moje dane albo pieniadze sa bezpieczne? Prosze tez napiszcie, jak moge szybko doladowac ten Pocket albo przeniesc ten bill z powrotem na glowny rachunek i sprawdzic nadchodzace platnosci, bo jestem troche zaniepokojona."
pl_expat_parent,pocket_bill_not_enough_money,confused_by_app_updates,"Mam Bills Pocket i jeden rachunek nie przeszedl, bo zabraklo tam srodkow, a w aplikacji wszystko wyglada inaczej niz w instrukcji ktora znalazlam. Mozecie mi prosze wyjasnic, jak teraz sprawdzic nadchodzace platnosci i doładowac Pocket albo ustawic przel z main account, zeby takie Direct Debits nie failowaly?"
pl_expat_parent,pocket_bill_not_enough_money,angry_after_waiting,"Mam Bills Pocket i jeden direct debit nie poszedl, bo bylo za malo srodkow — czekam juz za dlugo i chce teraz jasna odpowiedz, co Revolut robi w takiej sytuacji. Jak moge od razu doladowac Pocket albo zmienic recurring transfer, zeby to sie nie powtorzylo, i czy da sie przeniesc ten bill z powrotem na glowne konto, jesli trzeba?"
pl_expat_parent,paid_plan_missed_payment,empty,"Hi, my paid Revolut plan payment failed this month and I’m worried about losing benefits or getting downgrade fees. Can you check my billing status, tell me how to add funds to pay the missed subscription, and confirm the next payment date and what happens to partner benefits, insurance, and plan cards if it stays unpaid?"
pl_expat_parent,paid_plan_missed_payment,poor_internet_connection,"Hej, moja oplata za platny plan nie przeszla i martwie sie, ze strace benefity albo dostane jakas fee za downgrade. Can you check status billing, kiedy jest next payment/date end plan, i czy moge doladowac konto zeby pobrac zalegla subskrypcje? Chce tez wiedziec co sie stanie z partner benefits, insurance i kartami planu jesli to dalej bedzie unpaid."
pl_expat_parent,paid_plan_missed_payment,anxious_security_fear,"Hej, widzę ze platnosc za mój paid Revolut plan nie przeszla i bardzo sie martwie, czy nie strace benefitów albo nie naliczycie mi downgrade fee. Prosze sprawdzcie status billing, kiedy jest next payment i end date planu, oraz jak moge doladowac konto zeby pokryc missed subscription amount — i czy moje dane albo money sa bezpieczne, bo jestem naprawde zestresowana."
pl_expat_parent,paid_plan_missed_payment,confused_by_app_updates,"Czesc, moj payment for paid plan failed and teraz w apce wszystko looks different od instrukcji, nie moge znalezc gdzie sprawdzic status billing ani doladowac funds na missed subscription. Can you tell me kiedy bedzie next payment date i co sie stanie z partner benefits, insurance i plan cards if I dont pay na czas, and czy moge dostac confirmation/receipt?"
pl_expat_parent,paid_plan_missed_payment,angry_after_waiting,"Moj payment za paid Revolut plan failed i czekam na to juz za dlugo — prosze od razu sprawdzcie billing status, czy moge doladowac konto zeby pobrac missed subscription amount, i podajcie mi next payment date oraz plan end date. Chce tez jasna odpowiedz co sie stanie z partner benefits, insurance i plan cards jesli to dalej bedzie unpaid albo mnie downgrade’ujecie, bo nie chce zadnych downgrade fees."
pl_expat_parent,referral_reward_missing,empty,"Czesc, mam pytanie o polecenie znajomej w Revolut — spodziewalam sie reward, ale nic nie przyszlo na konto. Czy mozecie sprawdzic, czy warunki kampanii byly spelnione i czy znajoma uzyla poprawnego linku, dodala srodki, aktywowala fizyczna karte i zrobila wymagane zakupy na czas?"
pl_expat_parent,referral_reward_missing,poor_internet_connection,"Hej, zaprosilam znajoma do Revolut przez link, ale bonus polecajacy dalej nie wszedl. Mozecie sprawdzic, czy spelnila warunki kampanii, czy weszla z dobrego invite linku, dodala srodki i zrobila wymagane zakupy przed deadlinem? Prosze tez potwierdzic, czy nie ma jakichs wykluczen albo mniejszej kwoty reward, bo mam slaby internet i wszystko mi sie sypie w appce."
pl_expat_parent,referral_reward_missing,anxious_security_fear,"Hej, jestem bardzo zaniepokojona bo zaprosiłam znajomą do Revolut i nadal nie mam bonusu za polecenie — czy możecie prosze sprawdzić, czy wszystko było spełnione? Chcę upewnić się, że użyła właściwego linku, dodała pieniądze i zrobiła wymagane zakupy/przyła kartę przed terminem, bo obawiam się też o moje dane i czy coś nie poszło nie tak."
pl_expat_parent,referral_reward_missing,confused_by_app_updates,"Czesc, zaprosilam znajomego przez Revolut i mialam dostac referral reward, ale nic nie przyszlo na konto. W appce interface wyglada inaczej niz w instrukcji i nie moge znalezc, gdzie sprawdzic czy uzyli dobrego invite link, czy spelnili warunki zasilenia konta/karty i zakupow przed deadlinem — mozecie to prosze sprawdzic?"
pl_expat_parent,referral_reward_missing,angry_after_waiting,"Gdzie jest moj reward z polecenia? Czekam juz za dlugo i nic nie przyszlo — prosze od razu sprawdzic, czy znajomy wszedl przez moj invite link, dolozyl pieniadze, aktywowal physical card i zrobil wymagane zakupy przed deadline, bo chce jasna odpowiedz teraz."
pl_expat_parent,travel_insurance_claim_documents,empty,"Hi, I had delayed baggage on my trip and want to start a travel insurance claim in the app, but I’m not sure which documents I need to upload. Can you tell me what’s required for the claim and where exactly to begin it in the insurance section?"
pl_expat_parent,travel_insurance_claim_documents,poor_internet_connection,"Hi, I need to start a travel insurance claim for delayed baggage, but the app keeps failing to upload docs on my weak internet. Can you tell me exactly which documents I need from the insurance section - like travel docs, baggage delay confirmation, airline report and receipts for expenses - and if the insurer may ask for more proof later?"
pl_expat_parent,travel_insurance_claim_documents,anxious_security_fear,"Hej, chcę zglosic claim z travel insurance po opoznionym baggage, ale jestem bardzo zdenerwowana czy moje dane i pieniadze sa bezpieczne. Prosze napisz mi krok po kroku jak zaczac to w aplikacji i jakie dokumenty od razu przygotowac — bilety, potwierdzenie opoznienia bagazu, report z linii i receipts za rzeczy kupione na szybko?"
pl_expat_parent,travel_insurance_claim_documents,confused_by_app_updates,"Chce zglosic claim z travel insurance za opozniony bagaz, ale instrukcje w appce wygladaja inaczej niz w poradniku i nie moge znalezc gdzie to zaczac. Jakie dokumenty mam przygotowac i gdzie dokładnie w Revolut Android mam wejsc, zeby zlozyc ten claim?"
pl_expat_parent,travel_insurance_claim_documents,angry_after_waiting,"Mam opozniony bagaz i chce od razu zlozyc claim z Revolut travel insurance, ale nie wiem jakie dokumenty sa potrzebne. Prosze napisz mi jasno, jak to zaczac w appce i co mam zalaczyc: travel docs, receipts, confirmation of baggage delay, airline report i proof of expenses, bo czekam juz za dlugo i potrzebuje konkretnej odpowiedzi teraz."
pl_expat_parent,airport_lounge_pass_issue,empty,"Kupilam airport lounge pass przez Revolut, ale na miejscu w lounge nie moga go zeskanowac i mowia, ze jest niewazny. Mozecie sprawdzic w aplikacji gdzie znajde szczegoly passu, czy jest dobry airport/terminal/date i passenger details, oraz czy da sie go anulowac albo dostac refund? Potrzebuje tez wiedziec, jakie potwierdzenie albo zdjecia zebrac, jesli pass byl valid a nie moglam z niego skorzystac."
pl_expat_parent,airport_lounge_pass_issue,poor_internet_connection,"Kupilam airport lounge pass w Revolut, ale w lounge mowia, ze nie da sie go zeskanowac albo ze jest niewazny, a u mnie przez slaby internet ekrany sie nie laduja i upload ciagle pada. Prosze pomoz mi szybko sprawdzic gdzie w apce znalezc ten pass, czy airport/terminal i dane pasazera sie zgadzaja, czy da sie to anulowac albo dostac refund, i jakie dowody mam zebrac, jesli pass byl wazny ale nie moglam go uzyc."
pl_expat_parent,airport_lounge_pass_issue,anxious_security_fear,"Kupilam airport lounge pass w Revolut i staff na lotnisku nie moga go zeskanowac, mowia ze niby niewazny, a ja jestem juz bardzo zestresowana bo nie wiem czy moje dane albo pieniadze sa bezpieczne. Prosze pomozcie mi szybko sprawdzic gdzie w appce znajde ten pass, czy zgadzaja sie airport, terminal, passenger details i data, oraz czy moge to anulowac albo dostac refund, bo nie moglam go uzyc mimo ze byl kupiony."
pl_expat_parent,airport_lounge_pass_issue,confused_by_app_updates,"Kupilam przez Revolut airport lounge pass, ale w appce wszystko wyglada inaczej niz w instrukcji i nie moge znalezc tego passu ani szczegolow. Na lotnisku mowia, ze nie da sie go zeskanowac albo jest niewazny — mozecie sprawdzic airport/terminal, dane pasazera, date i warunki uzycia, oraz powiedziec czy da sie to anulowac albo dostac refund, jesli pass byl valid ale nie moglam go uzyc?"
pl_expat_parent,airport_lounge_pass_issue,angry_after_waiting,"Kupilam lounge pass w Revolut i staff na lotnisku nie moze go zeskanowac, mowi ze jest niewazny. Prosze od razu sprawdzic gdzie w appce znajde ten pass i czy airport, terminal, dane pasazera, data i terms sa poprawne, oraz czy moge go anulowac albo dostac refund teraz, bo czekam za dlugo."
pl_expat_parent,esim_activation_failed,empty,"Hi, I bought a Revolut eSIM data plan for my trip but it wont install/activate on my Android phone. Can you please help me check if my device is compatible and what I need to do to get it working?"
pl_expat_parent,esim_activation_failed,poor_internet_connection,"Hej, kupilam w Revolut eSIM data plan na wyjazd, ale na moim Androidzie nie chce sie zainstalowac ani aktywowac, a internet u mnie dzisiaj przerywa i ekran na chwile znika. Mozecie sprawdzic, czy moj telefon w ogole wspiera eSIM i podac co mam zrobic krok po kroku, bo plan jest juz oplacony a dalej nie dziala?"
pl_expat_parent,esim_activation_failed,anxious_security_fear,"Kupilam Revolut eSIM na wyjazd, ale na Androidzie nie chce sie zainstalowac ani aktywowac i zaczynam sie martwic, czy moje dane albo pieniadze sa bezpieczne. Prosze, pomozcie mi sprawdzic krok po kroku czy telefon wspiera eSIM, czy musi byc odblokowany i pod internetem, oraz co ustawic z mobile data/roaming, bo na szybko potrzebuje to uruchomic i chcialabym tez potwierdzenie, czy moge dostac zwrot albo pomoc, jesli plan jest juz oplacony, a nadal nie dziala."
pl_expat_parent,esim_activation_failed,confused_by_app_updates,"Kupilam Revolut eSIM data plan na wyjazd, ale nie moge go zainstalowac ani aktywowac na Androidzie, a w apce wyglada to inaczej niz w instrukcji i nie moge znalezc tej opcji. Czy mozecie prosze podpowiedziec krok po kroku, gdzie to teraz jest, i jak sprawdzic czy telefon wspiera eSIM, jest odblokowany i czy trzeba wlaczyc roaming/mobile data?"
pl_expat_parent,esim_activation_failed,angry_after_waiting,"Kupilam Revolut eSIM na wyjazd i dalej nie da sie go zainstalowac ani aktywowac na moim Androidzie, a czekam juz za dlugo. Prosze o szybka, jasna pomoc teraz — czy moj telefon w ogole wspiera eSIM, czy musi byc odblokowany i co mam zrobic krok po kroku, bo plan jest zaplacony i nadal nieuzywalny."
pl_expat_parent,crypto_withdrawal_pending,empty,"Hej, zrobilam withdrawal krypto z Revolut do zewnetrznego walleta, ale dalej jest pending i adres nic nie recived. Czy mozecie sprawdzic czy wybralam dobry network, adres walleta, limity i fee, oraz czy nie potrzebujecie dodatkowych danych albo security check? Chce tez wiedziec ile jeszcze moze to trwac przez blockchain confirmations i co zrobic jesli transakcja sie nie powiedzie."
pl_expat_parent,crypto_withdrawal_pending,poor_internet_connection,"Hej, zrobiłam withdrawal krypto z Revolut do zewnetrznego walleta, ale dalej jest pending i adres nic nie recived, a internet mi znowu przerywa. Możecie sprawdzić czy wybrana byla dobra siec i wallet address, czy nie ma limitów albo fee, czy nie potrzeba jeszcze jakis danych/security check, i ile to moze wisiec przez blockchain confirmations?"
pl_expat_parent,crypto_withdrawal_pending,anxious_security_fear,"Wypłaciłam krypto z Revolut do zewnetrznego walleta i dalej jest pending, a adres nic nie recived — mozecie prosze sprawdzic czy wybralam dobry network, czy adres walleta i limit/fee sa OK, i czy nie trzeba jeszcze jakichs danych albo security check? Jestem bardzo zdenerwowana, boje sie o swoje pieniadze i dane, potrzebuje tez prosze potwierdzenia co z confirmations i co zrobic jesli transakcja sie nie powiedzie."
pl_expat_parent,crypto_withdrawal_pending,confused_by_app_updates,"Wycofalam crypto z Revolut do zewnetrznego walleta, ale status dalej pending i odbiorca nic nie recived. Interfejs w appce wyglada inaczej niz w instrukcjach, wiec nie moge znalezc gdzie sprawdzic network, adres walleta, fee i limity — mozecie prosze potwierdzic czy wszystko poszlo dobrze i co dalej jesli transakcja utknela?"
pl_expat_parent,crypto_withdrawal_pending,angry_after_waiting,"Czemu ten crypto withdrawal dalej jest pending i adres docelowy nic nie recived? Sprawdzcie od razu czy wybrany network, wallet address, limity, fees albo jakieś security checks nie blokują transakcji i powiedzcie mi jasno, kiedy to się wyjaśni albo co mam zrobić, bo czekam już za długo."
pl_expat_parent,trading_order_pending,empty,"Hi, I placed a stock buy order in Revolut Trading but it is still pending and I can’t see the shares in my portfolio. Can you check why it hasn’t executed yet — maybe market hours, order type, available cash, or if there’s some sell-only or trading halt issue?"
pl_expat_parent,trading_order_pending,poor_internet_connection,"Hi, I placed a stock buy order in Revolut Trading but it’s still pending and I can’t see the shares in my portfolio. My internet is unstable so the screen keeps failing, but can you tell me if this is just market hours / order type / enough cash / fractionals / trading halt issue, and whether it can still be executed or cancelled?"
pl_expat_parent,trading_order_pending,anxious_security_fear,"Zlozylam buy order na akcje w Revolut Trading, ale od kilku godzin jest nadal pending i nie widze tych shares w portfolio — czy to normalne? Jestem bardzo zaniepokojona, bo boje sie o pieniadze i dane, prosze potwierdzic co sie dzieje i czy order na pewno jest bezpieczny."
pl_expat_parent,trading_order_pending,confused_by_app_updates,"Zlozylam order kupna akcji w Revolut Trading, ale dalej jest pending i nie widze ich w portfelu. Interfejs w appce wyglada inaczej niz w instrukcjach, wiec nie moge znalezc gdzie sprawdzic co blokuje ten order — mozecie wyjasnic czy to przez market hours, typ orderu albo brak dostepnej gotowki?"
pl_expat_parent,trading_order_pending,angry_after_waiting,"Dlaczego moj order kupna akcji dalej wisi jako pending i nie widze tych shares w portfolio? Czekam juz za dlugo, chce od razu jasne info czy to kwestia market hours, cash, fractional shares albo halt, bo potrzebuje rozwiazania teraz."
us_fintech_poweruser,identity_passport_upload,empty,"My account got temporarily limited and the app says I need to upload a passport or ID, but I can’t find where to do that in the app. Also my card stopped working, so can you point me to the right place to submit it and let me know how long the review usually takes?"
us_fintech_poweruser,identity_passport_upload,poor_internet_connection,"My account got temporarily limited for a security check and the app says I need to upload my passport, but my card stopped working and I can’t find where to submit the doc. My connection is kinda unstable so the screens keep failing—can you point me to the in-app request and how to get a clear upload through so you can review it and restore access?"
us_fintech_poweruser,identity_passport_upload,anxious_security_fear,"My account got temporarily limited after a security check and now my card is dead, which is a pretty rough pain point. The app says I need to upload a passport but I can’t find where to do that, and I’m honestly anxious about my money and data — can you tell me exactly how to open the in-app request, submit a clear photo securely, and when access gets restored?"
us_fintech_poweruser,identity_passport_upload,confused_by_app_updates,"My account got temporarily limited and the app says I need to upload a passport or ID, but the UI looks different from the instructions and I can’t find where to do it. My card stopped working too — can you point me to the exact place in the app to submit the doc securely and tell me what happens after I send it?"
us_fintech_poweruser,identity_passport_upload,angry_after_waiting,"My account’s been limited for a security check and the card is dead, but I can’t find where to upload the passport in the app. Can you tell me exactly how to open the document request and submit a clear photo so this gets reviewed and my access is restored ASAP?"
us_fintech_poweruser,proof_of_address_rejected,empty,"My proof of address got rejected and I’m not really getting why — I uploaded a screenshot of my online bill, which felt pretty standard. Can you tell me what docs are actually acceptable, and what needs to match on the name/address plus how recent and readable it has to be so I can resubmit it in the verification flow?"
us_fintech_poweruser,proof_of_address_rejected,poor_internet_connection,"My proof of address got rejected after I uploaded a screenshot of an online bill and I’m not sure why. The upload keeps failing too, low-key because my connection is shaky—can you tell me exactly what docs are accepted, and how to make sure the name/address match my Revolut profile and the statement is recent enough?"
us_fintech_poweruser,proof_of_address_rejected,anxious_security_fear,"My proof of address got rejected after I uploaded an online bill screenshot, and I’m pretty anxious about whether my money or personal data is at risk. Can you tell me what documents are actually accepted, what needs to match on the name/address, and how I can resubmit it the right way in the verification flow?"
us_fintech_poweruser,proof_of_address_rejected,confused_by_app_updates,"Tried to verify my address but my proof of address got rejected, and I uploaded a screenshot of an online bill so I’m not sure what failed. The app UI looks different than the help article I found, so can you tell me where to resubmit it and what docs are actually acceptable plus what needs to match on the name/address and how recent it has to be?"
us_fintech_poweruser,proof_of_address_rejected,angry_after_waiting,"My proof of address got rejected and I’m pissed because I uploaded a screenshot of my online bill, so why isn’t that accepted? I need the exact docs Revolut will take, and I want to know if my name/address have to match my profile exactly, plus how recent and readable it needs to be so I can resubmit this now."
us_fintech_poweruser,source_of_funds_review,empty,"I got a source of funds request after a few big transfers and I’m trying to figure out what exactly Revolut needs here. Is it usually salary slips, tax docs, bank statements, sale contracts, or something else depending on where the money came from? I just want to make sure I send the right proof so my account doesn’t get flagged or closed."
us_fintech_poweruser,source_of_funds_review,poor_internet_connection,"Revolut just hit me with a source of funds doc request after a few large transfers and I’m low-key worried the account gets closed if I miss something. My connection’s been trash so uploads keep failing—what exact evidence do you need here, like salary slips, tax docs, bank statements, sale contracts, etc, and does it need to clearly match the transfers under review?"
us_fintech_poweruser,source_of_funds_review,anxious_security_fear,"I just got a source of funds request after a few big transfers and I’m kinda stressed — is my account at risk of being closed? Can you tell me exactly what docs you need, like salary slips, tax docs, bank statements, sale contracts, or whatever matches the transfer source, and what needs to be shown so I know the evidence actually supports the trasnactions under review."
us_fintech_poweruser,source_of_funds_review,confused_by_app_updates,"I just got a source of funds request after a few large transfers and the app layout looks different from the help article, so I can’t find where to upload the docs. Can you tell me exactly what proof you need here — salary slips, tax docs, bank statements, sale contract, etc — and whether it has to clearly match the transactions under review?"
us_fintech_poweruser,source_of_funds_review,angry_after_waiting,"I got hit with a source of funds request after a few large transfers and I’m not trying to get my account frozen or closed. Just tell me exactly what docs you need right now — salary slips, tax returns, bank statements, sale contracts, whatever — so I can send the right proof and get this resolved immediately."
us_fintech_poweruser,card_payment_declined_enough_funds,empty,"My Revolut card keeps getting declined in-store even though I’ve got enough balance. Can you check what might be blocking it — card security settings, spending limits, frozen status, location restrictions, merchant category, or a temp security decline — and what I can change in-app before I retry?"
us_fintech_poweruser,card_payment_declined_enough_funds,poor_internet_connection,"My Revolut card keeps getting declined at stores even though I’ve got enough balance, which is a pain point. Can you help me check if it’s something like card security, spending limits, merchant restrictions, frozen card status, location checks, or a temporary decline, and what I can change in the app before I retry?"
us_fintech_poweruser,card_payment_declined_enough_funds,anxious_security_fear,"My Revolut card keeps getting declined in-store even though I have enough balance, and now I’m honestly freaking out a bit — is my money or data at risk? Can you tell me what could be blocking it in the app, like card freeze, limits, security settings, location checks, or merchant restrictions, and what I should change before I try again?"
us_fintech_poweruser,card_payment_declined_enough_funds,confused_by_app_updates,"My Revolut card got declined in-store even though I’ve got enough balance, and I’m trying to figure out what’s blocking it before I tap again. The app UI looks different from the help steps I found, so can you point me to where I can check card security settings, spending limits, merchant restrictions, or any temporary freeze/security block on iOS?"
us_fintech_poweruser,card_payment_declined_enough_funds,angry_after_waiting,"My Revolut card keeps getting declined in-store even though I have plenty of balance, and I need a clear answer now. Can you check what’s blocking it—security settings, spending limits, frozen status, location checks, bad PIN attempts, or merchant restrictions—and tell me exactly what I can change in the app before I try again?"
us_fintech_poweruser,apple_pay_card_add_failed,empty,"Trying to add my Revolut card to Apple Pay but it keeps throwing a verification error in Wallet. Can you help me troubleshoot the usual stuff like Apple Pay eligibility, app/iOS updates, making sure the card is active/not blocked, and whether I should re-add it from the Revolut app instead of manually entering the details?"
us_fintech_poweruser,apple_pay_card_add_failed,poor_internet_connection,"Trying to add my Revolut card to Apple Pay but verification keeps erroring out in Wallet. The connection is pretty unstable on my end so screens keep failing, but can you tell me the quickest way to check if the card is Apple Pay eligible, make sure Revolut and iOS are up to date, confirm the card isn’t blocked, and whether I should re-add it from inside the Revolut app instead of manually?"
us_fintech_poweruser,apple_pay_card_add_failed,anxious_security_fear,"I’m trying to add my Revolut card to Apple Pay but the wallet app keeps throwing a verification error, and I’m kinda freaking out that my money or personal data might be at risk. Can you walk me through the exact checks I should do — Apple Pay eligibility, updating Revolut and iOS, making sure the card is active/not blocked, confirming the phone number for codes, and whether I should add it from the Revolut app instead of typing it in manually?"
us_fintech_poweruser,apple_pay_card_add_failed,confused_by_app_updates,"Trying to add my Revolut card to Apple Pay but I’m getting a verification error in Wallet, and the app UI looks different from the steps I found so I can’t even find the right place to check it. Can you point me to the current flow and what I should verify first like Apple Pay eligibility, app/iOS updates, card status, and the right phone number for codes?"
us_fintech_poweruser,apple_pay_card_add_failed,angry_after_waiting,"My Revolut card keeps failing verification in Apple Pay and I’m done waiting on this. Can you tell me exactly what to check so I can fix it now—eligibility, app/iOS updates, whether the card is active or blocked, the phone number for codes, and if I need to add it from the Revolut app instead of typing it in manually?"
us_fintech_poweruser,virtual_card_not_working,empty,"Hey, I created a Revolut virtual card for an online purchase but the merchant keeps rejecting it — can you help me figure out if I need a standard virtual card vs a single-use one, and check whether online transactions are enabled? Also wanna make sure I’m entering the billing address/card details right, since it feels like some merchants or subs just don’t play nice with these cards."
us_fintech_poweruser,virtual_card_not_working,poor_internet_connection,"My virtual card keeps getting rejected for an online purchase and the app screens keep failing on me with this spotty connection. Can you help me check if I’m using a standard virtual card vs single-use one, make sure online transactions are enabled, and confirm if the billing address/card details are right since some merchants seem to hate these cards?"
us_fintech_poweruser,virtual_card_not_working,anxious_security_fear,"My virtual card keeps getting rejected on an online purchase and I’m low-key freaking out that my money or card data is at risk. Can you help me confirm if this is a standard virtual card vs single-use one, check whether online transactions are enabled, and tell me if the billing address/card details need to match exactly because I’ve tried a couple times and it’s still failing?"
us_fintech_poweruser,virtual_card_not_working,confused_by_app_updates,"My virtual card keeps getting rejected online and the app UI looks different from the help article, so I can’t find where to check if online payments are enabled or whether this is a standard vs single-use card. Can you help me verify the billing address/card details too, and confirm if the merchant might just not support this type of virtual card?"
us_fintech_poweruser,virtual_card_not_working,angry_after_waiting,"Why is my Revolut virtual card getting rejected online right now? I need a clear fix immediately—tell me if this is a standard virtual card vs single-use thing, whether online payments are actually enabled, and if I need to match the billing address/card details exactly cuz the merchant keeps declining it."
us_fintech_poweruser,lost_stolen_card_freeze,empty,"I lost my physical Revolut card while traveling and want to freeze it ASAP in the app. Can you also help me check recent trasnactions for anything sketchy, report any fraudulent payments if needed, and confirm I can keep using my virtual cards or Apple Pay while I wait for a replacement card to the right address?"
us_fintech_poweruser,lost_stolen_card_freeze,poor_internet_connection,"Lost my physical Revolut card while traveling and I’m low-key worried someone could use it. My connection is trash so the app keeps failing, but I need to freeze the card ASAP, check recent transactions for anything sketchy, report any fraudulent payments if needed, and order a replacement to the right address while I keep using virtual cards or Apple Pay if possible."
us_fintech_poweruser,lost_stolen_card_freeze,anxious_security_fear,"I lost my physical Revolut card while traveling and I’m low-key freaking out because I think someone could use it. Can you walk me through freezing it in the app ASAP, checking recent transactions for anything sketchy, reporting any fraudulent payments if needed, and ordering a replacement to the right address if I need one? Also need to know if I can keep using my virtual cards or mobile wallet payments while I wait, just want to make sure my money is safe"
us_fintech_poweruser,lost_stolen_card_freeze,confused_by_app_updates,"I lost my physical Revolut card while traveling and I’m low-key worried someone could use it. The app UI looks different from the instructions I found, so can you tell me exactly where to freeze the card, check recent trasnactions, report anything fraudulent, and order a replacement to the right address? Also, can I keep using virtual cards or Apple Pay while I wait?"
us_fintech_poweruser,lost_stolen_card_freeze,angry_after_waiting,"I lost my physical Revolut card while traveling and I’m not waiting around any longer — I need to freeze it in the app right now, check for any sketchy trasnactions, report anything fraudulent, and get a replacement sent to the right address if needed. Also tell me if I can keep using my virtual cards or Apple Pay in the meantime, because this is a major pain point."
us_fintech_poweruser,atm_withdrawal_pending,empty,"I tried to withdraw cash at an ATM and it didn’t dispense anything, but Revolut still shows the withdrawal as pending. Is this normal and should I just wait for it to update, or do I need to report it now?"
us_fintech_poweruser,atm_withdrawal_pending,poor_internet_connection,"I tried to pull cash from an ATM and it never dispensed, but Revolut is showing the withdrawal as pending. Is that normal while the ATM operator settles or reverses it, and do I just wait for the status to update? My connection is kinda trash right now so uploads keep failing, but if needed I can send the ATM location, date, amount, and receipt."
us_fintech_poweruser,atm_withdrawal_pending,anxious_security_fear,"I tried to withdraw cash at an ATM and it didn’t dispense anything, but Revolut is showing it as pending. Is this normal or did the ATM somehow take my money/data? I’m pretty anxious here can you tell me if I should just wait for it to update, and what I need to send you if it ends up completed without cash?"
us_fintech_poweruser,atm_withdrawal_pending,confused_by_app_updates,"I tried to pull cash from an ATM but it didn’t dispense anything, and Revolut still shows the withdrawal as pending. The app UI looks different from the help article I found so I can’t find the right place to report it, can you tell me if I just need to wait for it to settle or reverse, and what info you need if it posts but I never got the cash?"
us_fintech_poweruser,atm_withdrawal_pending,angry_after_waiting,"My ATM withdrawal didn’t spit out any cash but Revolut still shows it as pending, and I’ve already been waiting forever. Can you tell me straight up if this is gonna auto-reverse once the ATM operator settles it, or do I need to do something now because this is a huge pain point?"
us_fintech_poweruser,card_refund_missing,empty,"I returned an item and the merchant says the refund was issued, but it still hasn’t shown up in my Revolut balance. Can you check if it’s tied to the original card payment and tell me how long this usually takes before I should push the merchant for proof or open a case with Revolut?"
us_fintech_poweruser,card_refund_missing,poor_internet_connection,"Got a return refund issued by the merchant but it still hasn’t shown up in my Revolut balance. I’m on shaky wifi so the app keeps failing, but can you help me check the original card trasnaction and tell me when this should land or if I need to go back to the merchant for refund confirmation?"
us_fintech_poweruser,card_refund_missing,anxious_security_fear,"I returned an item and the merchant says the refund was already issued, but it still hasn’t hit my Revolut balance and I’m getting pretty anxious about it. Can you check the original card transaction and tell me if this kind of refund can take a few days or show up linked to the payment, and when I should ask the merchant for proof vs open a case with Revolut?"
us_fintech_poweruser,card_refund_missing,confused_by_app_updates,"I returned an item and the merchant says the refund was issued, but it’s still not showing in my Revolut balance. The app UI looks different from the steps I found so I can’t find the original card payment or refund status, can you point me to where I should check it and how long this usually takes before I need to follow up with the merchant or Revolut?"
us_fintech_poweruser,card_refund_missing,angry_after_waiting,"I returned an item and the merchant says the refund was issued, but it’s still nowhere in my Revolut balance. Can you check the original card payment and tell me exactly where this refund is, because I’m tired of waiting and need a clear answer now?"
us_fintech_poweruser,chargeback_case_update,empty,"Hey, I disputed a card payment because the merchant never delivered the goods, but I haven’t gotten any update on the chargeback case. Can you explain what the dispute process looks like and what evidence you might need from me, like receipts, tracking details, chat with the merchant, or cancellation proof?"
us_fintech_poweruser,chargeback_case_update,poor_internet_connection,"I disputed a card charge because the merchant never delivered, but I still haven’t gotten any update on the chargeback case. Can you explain the dispute process and what evidence you might need from me, since my internet keeps dropping and the upload screen is failing?"
us_fintech_poweruser,chargeback_case_update,anxious_security_fear,"Hey, I disputed a card charge because the merchant never delivered, but I still haven’t gotten any update on the chargeback case and I’m kinda freaking out. Can you explain where it’s at, what evidence you might need from me like receipts, tracking, merchant emails, or cancellation proof, and whether my money/personal data is actually at risk while this is pending?"
us_fintech_poweruser,chargeback_case_update,confused_by_app_updates,"I disputed a card payment because the merchant never delivered, but the app UI looks different from the steps I found and I can’t find where to check the chargeback case status. Can you explain how the dispute process works now and what evidence you might need from me like receipts, tracking, merchant messages, or cancellation proof?"
us_fintech_poweruser,chargeback_case_update,angry_after_waiting,"I disputed a card charge because the merchant never delivered the goods, and I’ve been waiting forever with zero update. What’s the actual status of this chargeback and when do I get a final answer — do you need any proof from me like receipts, tracking, chats, or cancellation confirmation?"
us_fintech_poweruser,top_up_reverted,empty,"I topped up with my debit card, saw the balance bump for a sec, then it got reverted. Can you tell me what usually causes that on Revolut — issuer decline, auth fail, card restrictions, unsupported card type — and whether I should retry, use bank transfer, or hit up my card issuer?"
us_fintech_poweruser,top_up_reverted,poor_internet_connection,"I tried topping up with my debit card and the balance flashed up for a sec, then the deposit got reverted. My connection’s been pretty unstable too so I’m not sure if this was an auth issue, my card issuer declining it, or if the card type isn’t supported — should I retry, use a bank transfer instead, or contact my bank?"
us_fintech_poweruser,top_up_reverted,anxious_security_fear,"I tried to top up with my debit card, saw the balance bump for a sec, then it got reverted and now I’m kinda freaked out. Is my money or card data actually at risk here, and should I retry the top-up, switch to bank transfer, or call my card issuer first?"
us_fintech_poweruser,top_up_reverted,confused_by_app_updates,"I tried topping up with my debit card and the balance flashed up for a sec, then the deposit got reverted. I’m kinda confused bc the app UI looks different from the instructions I found, so I can’t tell if this was declined by my card issuer, an auth issue, or if I should just retry with bank transfer instead."
us_fintech_poweruser,top_up_reverted,angry_after_waiting,"I topped up with my debit card, the balance flashed up for a sec, then it got reverted — super frustrating. I need to know right now if this was my card issuer, failed auth, card restrictions, or an unsupported card type, and whether I should retry, use bank transfer, or call my bank because this is a pain point."
us_fintech_poweruser,bank_transfer_pending_inbound,empty,"Hey, I’m waiting on an incoming bank transfer that the sender says is already sent, but it’s still pending/missing in Revolut. Can you help me check if the correct account details were used and whether the transfer type/currency is supported, and tell me what info you’d need to trace it if it doesn’t land soon?"
us_fintech_poweruser,bank_transfer_pending_inbound,poor_internet_connection,"My bank transfer still isn’t showing in Revolut even though the sender says it went out, and my connection keeps failing so I can’t get through the screens. Can you check if the right local or international details were used, whether the currency/type is supported, and what info you need to trace it if it doesn’t land soon?"
us_fintech_poweruser,bank_transfer_pending_inbound,anxious_security_fear,"My incoming bank transfer still hasn’t shown up in Revolut and I’m getting pretty anxious about it. Can you check if the sender used the right local/international account details, whether the currency or transfer type is even supported, and what you need from me to trace it if it’s stuck with an intermediary bank or just missing?"
us_fintech_poweruser,bank_transfer_pending_inbound,confused_by_app_updates,"My incoming bank transfer is still pending/missing even tho the sender says it was sent, and the app UI looks different from the help steps I found so I can’t find where to check the receiving details. Can you help me verify whether the right local or international account info was used, if the currency/transfer type is supported, and what trace info you need if it doesn’t show up soon?"
us_fintech_poweruser,bank_transfer_pending_inbound,angry_after_waiting,"My incoming bank transfer is still missing even though the sender says it was sent days ago, and this is getting ridiculous. Can you check if the right local or international account details were used, if the currency/transfer type is supported, and what you need from me to trace it now because I need a clear resolution immediately"
us_fintech_poweruser,wrong_revolut_recipient_transfer,empty,"I just sent a transfer to the wrong Revolut contact because I picked the wrong Revtag on iOS. Can this be cancelled or reversed, and if not what’s the best way to ask the recipient for it back or report it if they don’t reply? Also, is there a better way to verify the recipient before I confirm next time so I don’t repeat this pain point"
us_fintech_poweruser,wrong_revolut_recipient_transfer,poor_internet_connection,"I just sent a transfer to the wrong Revolut contact/Revtag because my connection was flaky and the screens kept failing, and now I’m stuck. Can you tell me if it can be cancelled, how I can ask the recipient to send it back, and what to do if they don’t cooperate? Also, what’s the best way to avoid this pain point next time before I confirm?"
us_fintech_poweruser,wrong_revolut_recipient_transfer,anxious_security_fear,"I just sent money to the wrong Revolut contact because I picked the wrong Revtag and now I’m low-key freaking out. Can this transfer be cancelled or recalled, and if not, how do I contact the recipient to ask for it back or report it if they don’t respond? I also need the safest way to double-check recipient details before confirming next time so I don’t repeat this pain point."
us_fintech_poweruser,wrong_revolut_recipient_transfer,confused_by_app_updates,"I just sent money to the wrong Revolut contact because I picked the wrong Revtag, and the app looks different from the help article so I can’t find the cancel/report option. Can you tell me if there’s any way to stop it, how to ask the recipient to send it back, and what to do if they don’t cooperate so I can avoid this pain point next time?"
us_fintech_poweruser,wrong_revolut_recipient_transfer,angry_after_waiting,"I just sent money to the wrong Revolut user because I picked the wrong contact/Revtag and this is seriously frustrating. Can this transfer be cancelled or reversed right now, and if not, how do I contact the recipient to ask for it back and report it if they don’t cooperate? Also what’s the fastest way to avoid making this mistake again before I confirm a transfer?"
us_fintech_poweruser,bank_transfer_extra_info_request,empty,"Hey, I just kicked off a bank transfer and Revolut is asking for extra info before it goes through. Can you tell me what details you need from me here — like purpose of payment, my relationship to the recipient, invoice/contract docs, etc — so I can get this review moving faster?"
us_fintech_poweruser,bank_transfer_extra_info_request,poor_internet_connection,"My bank transfer got paused for extra review and I keep getting bounced by bad connection when I try to upload info. What exactly do you need from me to get this moving — purpose of payment, relationship to the recipient, invoice/contract, or something else?"
us_fintech_poweruser,bank_transfer_extra_info_request,anxious_security_fear,"My bank transfer got flagged for extra info and I’m kinda stressed out—why is Revolut reviewing it, and what exactly do you need from me? I just want to make sure my money and personal data are safe, and if I need to send purpose of payment, relationship to the recipient, invoices, or a contract I can do that, but can someone explain what’s going on first?"
us_fintech_poweruser,bank_transfer_extra_info_request,confused_by_app_updates,"I just started a bank transfer and Revolut is asking for extra info before it goes through, but the app UI looks totally different from the help article and I can’t find where to submit the purpose of payment or supporting docs. What exactly do you need from me to get this review moving?"
us_fintech_poweruser,bank_transfer_extra_info_request,angry_after_waiting,"Why is my bank transfer still on hold? I’ve already waited way too long and need a clear answer now—tell me exactly what info you need from me to get this reviewed and processed, whether it’s purpose of payment, relationship to the recipient, invoices, contracts, whatever, so I can send it and move on."
us_fintech_poweruser,scheduled_payment_insufficient_funds,empty,"My scheduled transfer failed because there wasn’t enough money in my Revolut balance at the time. Can you explain why it didn’t go out, how I can top up and retry it or set up a new one, and how I edit or cancel future scheduled transfers so this doesn’t keep happening?"
us_fintech_poweruser,scheduled_payment_insufficient_funds,poor_internet_connection,"My scheduled transfer failed because the Revolut balance wasn’t high enough at the send time and now I’m kinda stuck on the retry flow. Can you explain why it didn’t go out, how I can top up and rerun it or just create a new scheduled payment, and how to edit/cancel future ones so this doesn’t keep happening?"
us_fintech_poweruser,scheduled_payment_insufficient_funds,anxious_security_fear,"My scheduled transfer failed because the balance wasn’t there at the send time, and I’m kinda freaked out about whether anything else is at risk or if my money/data is safe. Can you explain why it didn’t go out, how I add funds and retry or set a new scheduled payment, and how I edit or cancel future transfers so this doesn’t keep happening in the wrong currency?"
us_fintech_poweruser,scheduled_payment_insufficient_funds,confused_by_app_updates,"I set up a scheduled transfer and it failed because my Revolut balance was too low at the time, but the app UI looks different now and I can’t find where to retry it or make a new one. Can you point me to how to top up, edit/cancel future scheduled transfers, and make sure it pulls from the right currency balance next time?"
us_fintech_poweruser,scheduled_payment_insufficient_funds,angry_after_waiting,"My scheduled transfer failed because there wasn’t enough balance at the time, and this is a total pain point. Tell me exactly how to top up and retry it now, or create a new scheduled payment, and how I can edit or cancel the future ones so this doesn’t keep happening — I need the clear fix immediately."
us_fintech_poweruser,direct_debit_unrecognized,empty,"I just spotted a Direct Debit attempt in Revolut that I don’t recognize and want to stop it before anything else gets taken. Can you help me find the mandate in the app, check the merchant name and payment history, and cancel it if needed? Also, what should I do if the payment already went through or if this looks fraudulent?"
us_fintech_poweruser,direct_debit_unrecognized,poor_internet_connection,"I’m seeing a Direct Debit attempt I don’t recognize and want to stop it before anything else gets pulled. The app is being super flaky on my connection so screens keep failing—can you tell me where to find the mandate, check the merchant/payment history, and cancel it if needed, plus what to do if it already went through or looks fraudulent?"
us_fintech_poweruser,direct_debit_unrecognized,anxious_security_fear,"I just saw a Direct Debit attempt in Revolut I don’t recognize and I’m kinda stressed about it — can you help me find the mandate in the app, check the merchant and payment history, and cancel it before any more money gets pulled? If it’s already been taken or looks fraudulent, I need to know the fastest next step too because this feels like a real security pain point."
us_fintech_poweruser,direct_debit_unrecognized,confused_by_app_updates,"I just saw a Direct Debit attempt I don’t recognize and want to stop it before anything else gets pulled, but the app UI looks totally different from the help steps I found and I can’t locate the mandate page. Can you point me to where I can check the merchant name/payment history, cancel the mandate if needed, and tell me what to do if it’s already been charged or set up fraudulently?"
us_fintech_poweruser,direct_debit_unrecognized,angry_after_waiting,"I’ve got a Direct Debit attempt I don’t recognize and I need this stopped before any more money gets pulled. Where exactly do I find the mandate in the app to check the merchant and payment history, cancel it if needed, and what’s the move if it already went through or looks fraudulent?"
us_fintech_poweruser,negative_balance_after_offline_payment,empty,"My Revolut balance just went negative after a couple card payments from my trip abroad finally posted days later, which is kinda confusing. Can you explain why that happens and what I should do to review the charges, top up the account, and flag anything that looks off?"
us_fintech_poweruser,negative_balance_after_offline_payment,poor_internet_connection,"Why did my Revolut balance go negative after a couple card charges from abroad finally posted days later? My connection’s been trash so the app keeps glitching, but I need to know if those merchants were just delayed/offline and how I can review the transactions and top up fast so I don’t get stuck in the red."
us_fintech_poweruser,negative_balance_after_offline_payment,anxious_security_fear,"Hey, I’m seeing my Revolut balance go negative after a few card payments from my trip abroad posted days later and it’s low-key freaking me out — is my money or data at risk here? Can you explain why these trasnactions hit so late, how I should review them in the app, and what I need to do to top up and clear the negative balance if one looks off?"
us_fintech_poweruser,negative_balance_after_offline_payment,confused_by_app_updates,"My balance just went negative after a couple card payments from my trip abroad posted days later, and the app layout looks different now so I can’t find where to review those delayed transactions or top up fast. Can you point me to the right place in iOS and confirm if some merchants process offline/late so the charge can hit after the original purchase?"
us_fintech_poweruser,negative_balance_after_offline_payment,angry_after_waiting,"Why did my balance just go negative from card payments that were made days ago abroad? This is super frustrating — I need a clear explanation now, plus how to review the transactions and fix the negative balance ASAP if a payment got posted late or looks wrong."
us_fintech_poweruser,login_new_phone_number,empty,"I changed my phone number and now I can’t log into Revolut because the verification code still goes to my old SIM. Can you help me recover access and update my account contact details, and let me know what extra verification you’ll need since I don’t have the old number anymore?"
us_fintech_poweruser,login_new_phone_number,poor_internet_connection,"Changed my phone number and now Revolut keeps sending login codes to the old one, which is a pain point since I don’t have that SIM anymore. The recovery flow keeps failing on iOS because my connection is spotty, so can you help me get back in, verify my identity, and update the contact number if support needs extra checks?"
us_fintech_poweruser,login_new_phone_number,anxious_security_fear,"I changed my phone number and now I’m locked out because the verification codes keep going to my old one. I’m kinda freaking out since my money and personal data are on the line — can you help me get back into my account, update the contact number, and tell me what verification you’ll need if I don’t have the old SIM or device anymore?"
us_fintech_poweruser,login_new_phone_number,confused_by_app_updates,"I changed my phone number and now I can’t log in because the verification codes are still going to my old number, but the app UI looks different from the steps I found so I can’t locate the recovery flow. Can you help me get back in, confirm my identity, and update my contact details if I no longer have access to the old SIM/device?"
us_fintech_poweruser,login_new_phone_number,angry_after_waiting,"My phone number changed and I’m locked out because Revolut keeps sending the login codes to my old number. I need the fastest way to recover access, verify my identity, and update the contact details now — I’ve already been waiting way too long and this is a huge pain point."
us_fintech_poweruser,lost_passkey_device,empty,"I lost the phone where my Revolut passkey was stored and it got factory reset, so I can’t sign in on my new iPhone now. Can you help me recover access, remove/replace that passkey if needed, and make sure the account is secured in case the old device is still floating around?"
us_fintech_poweruser,lost_passkey_device,poor_internet_connection,"I lost the phone my Revolut passkey was on and then factory reset it, so now I can’t log in on my new iPhone. The recovery screens keep failing on my spotty connection too, and I’m worried that old device might still be able to access my account somehow—can you help me remove that passkey, verify me another way, and lock things down?"
us_fintech_poweruser,lost_passkey_device,anxious_security_fear,"I lost the device that had my Revolut passkey on it and I factory reset it, so now I can’t log in on my new phone. I’m kinda panicked bc I’m worried someone else could still get into my account or see my data — can you help me recover access, remove/replace that passkey, and walk me through the identity verification steps asap?"
us_fintech_poweruser,lost_passkey_device,confused_by_app_updates,"I lost the phone where my Revolut passkey was stored and I just set up a new iPhone, so I can’t get back into my account. The app UI looks different from the recovery steps I found, and I can’t find where to remove or replace the old passkey or start identity verification—can you point me to the right flow and help secure the account if that old device is still a risk?"
us_fintech_poweruser,lost_passkey_device,angry_after_waiting,"I lost the device that had my Revolut passkey on it and now I’m locked out on my new phone. I need a real fix now — help me recover access, remove or replace that passkey, and tell me how to secure the account in case someone else can still get into the old device."
us_fintech_poweruser,mobile_verification_code_not_received,empty,"Hey, I’m trying to sign up/log in on iOS but the mobile verification code never shows up. Can you help me check if my phone number format/country code is right and what to do if SMS/calls are being blocked, since I’ve already waited a bit and still nothing comes through?"
us_fintech_poweruser,mobile_verification_code_not_received,poor_internet_connection,"Trying to sign up/login but the Revolut verification code just never hits my phone. I’m on flaky internet so the screen keeps failing too—can you help me check if my number format/country code is right, make sure SMS/calls aren’t blocked, and tell me what to do if I need to wait before requesting another code or use recovery support?"
us_fintech_poweruser,mobile_verification_code_not_received,anxious_security_fear,"Trying to log in and the Revolut verification code just never shows up on my phone, and I’m kinda freaking out because my money and info are on the line. Can you help me check if my number/country code is right and what to do if my SIM or phone is blocking SMS/calls?"
us_fintech_poweruser,mobile_verification_code_not_received,confused_by_app_updates,"Trying to sign up/log in but the verification code never shows up, and the app UI looks different from the help article so I can’t find the right place to resend it. Can you point me to the current flow and what I should check on my phone number/country code, SMS settings, and any wait time before requesting another code?"
us_fintech_poweruser,mobile_verification_code_not_received,angry_after_waiting,"I’m trying to log in and the mobile verification code just never shows up, which is a real pain point at this point. I’ve already waited way too long, so tell me exactly what to check now — phone number format/country code, SIM receiving SMS or calls, any blocking settings, and whether I should use recovery or in-app support if another code still doesn’t come through."
us_fintech_poweruser,account_restricted_card_blocked,empty,"Hey, my account just got restricted and now card payments are failing, transfers are blocked, and the app says my info is under review. Can you explain why this happens and what I need to submit to get it cleared?"
us_fintech_poweruser,account_restricted_card_blocked,poor_internet_connection,"My account just got restricted and now card payments fail plus transfers are blocked, with the app saying my info is under review. I’m on shaky Wi‑Fi and keep getting upload/screens failing—can you tell me what’s actually needed here and why this is happening?"
us_fintech_poweruser,account_restricted_card_blocked,anxious_security_fear,"My account just got restricted and now card payments and transfers are failing, plus the app says my info is under review. I’m pretty stressed because it feels like my money or personal data might be at risk — can you tell me what’s going on and if this is actually secure?"
us_fintech_poweruser,account_restricted_card_blocked,confused_by_app_updates,"My account looks restricted and card payments/transfers are blocked, but the app UI seems different from the help article so I can’t find where to check the review request or upload whatever docs/info you need. Can you point me to the right place in the new interface and tell me what’s actually holding the account up?"
us_fintech_poweruser,account_restricted_card_blocked,angry_after_waiting,"My account’s been restricted for way too long — card payments are failing, transfers are blocked, and the app just says my info is under review. I need a clear answer now: what exactly is missing, where do I upload it, and when will this restriction be lifted?"
us_fintech_poweruser,savings_withdrawal_pending,empty,"I withdrew from my Savings account but it’s still pending and not showing in my main balance. Can you explain how long Savings withdrawals usually take, where I can check the status in-app, and whether weekends or holidays can slow it down?"
us_fintech_poweruser,savings_withdrawal_pending,poor_internet_connection,"I pulled money out of my Savings acct in the app but it’s still pending and not hitting my main balance yet. My connection is kinda trash so the screen kept failing, but can you tell me where I check the withdrawal status and if weekends/holidays can slow it down?"
us_fintech_poweruser,savings_withdrawal_pending,anxious_security_fear,"I withdrew from my Savings but it’s still pending and the cash isn’t in my main balance yet, which is kinda freaking me out — is this normal or did something go wrong? Please tell me where I can check the withdrawal status and whether weekends/holidays can slow it down, because I’m low-key worried my money or data is at risk."
us_fintech_poweruser,savings_withdrawal_pending,confused_by_app_updates,"I withdrew from my Savings account but it’s still pending and not showing in my main balance. The app UI looks different from the help article I found, so I can’t even find where to check the withdrawal status now—can you point me to the right place and let me know if weekends/holidays can slow this down?"
us_fintech_poweruser,savings_withdrawal_pending,angry_after_waiting,"I withdrew from my Revolut Savings and the money is still pending, not showing in my main balance. This is a pain point — tell me exactly where to check the status and when it’ll actually hit, because I need a clear resolution now."
us_fintech_poweruser,pocket_bill_not_enough_money,empty,"One of my Direct Debits failed because my Bills Pocket didn’t have enough money in it. How does Revolut handle bill payments from a Pocket exactly, and what’s the cleanest way to top it up or tweak the recurring transfer so this doesn’t keep happening? Also, can I move the bill back to my main account if needed and check upcoming payments so I can keep the Pocket funded better?"
us_fintech_poweruser,pocket_bill_not_enough_money,poor_internet_connection,"My Bills Pocket just missed a subscription payment because it was underfunded, and the app’s kinda glitching with my connection so I can’t keep screens loading. How exactly does Revolut pull Direct Debits from a Pocket vs my main balance, and what’s the cleanest way to move the bill back to my main account or set up recurring transfers so this doesn’t keep happening?"
us_fintech_poweruser,pocket_bill_not_enough_money,anxious_security_fear,"My Bills Pocket just missed a subscription payment because it didn’t have enough funds, and I’m kinda stressed about whether anything is actually at risk here. Can you explain how Revolut handles bill payments from a Pocket, how I should top it up or adjust the recurring transfer so this doesn’t happen again, and how I can move the bill back to my main account if needed?"
us_fintech_poweruser,pocket_bill_not_enough_money,confused_by_app_updates,"My Bills Pocket just missed a subscription payment bc there wasn’t enough in it, and the app UI looks different from the guide I found so I can’t find where to fix it. How does Revolut actually handle bill payments from a Pocket, and how do I top it up or change the recurring transfer so the next Direct Debit doesn’t fail?"
us_fintech_poweruser,pocket_bill_not_enough_money,angry_after_waiting,"My Bills Pocket just bounced a subscription because it didn’t have enough cash in it and this is getting ridiculous. I need to know exactly how Revolut handles bill payments from a Pocket, how to top it up or adjust the recurring transfer ASAP, and how to move the bill back to my main account if needed plus where to check upcoming payments so this doesn’t happen again"
us_fintech_poweruser,paid_plan_missed_payment,empty,"My paid Revolut plan payment failed and I’m trying to figure out if I’m about to lose benefits or get hit with downgrade fees. Can you check my billing status, tell me how to add funds to cover the missed subscription, and confirm the next payment date and what happens to partner perks, insurance, and my plan cards if it stays unpaid?"
us_fintech_poweruser,paid_plan_missed_payment,poor_internet_connection,"My paid Revolut plan payment just failed and my connection is being super flaky, so I keep getting kicked out of the screen. Can you check my billing status, tell me how to add funds to cover the missed subscription, and confirm the next payment date/plan end date? Also what happens to partner benefits, insurance, and plan cards if it stays unpaid or gets downgraded, bc I’m trying to avoid any surprise fees."
us_fintech_poweruser,paid_plan_missed_payment,anxious_security_fear,"My paid plan charge failed and I’m kinda stressed about whether I’m about to lose benefits or get hit with downgrade fees. Can you check my billing status, tell me the next payment date and plan end date, and how I can add funds to cover the missed subscription amount? Also, if it stays unpaid or downgrades, what happens to partner perks, insurance, and my plan cards — I just want to make sure my money and data are safe."
us_fintech_poweruser,paid_plan_missed_payment,confused_by_app_updates,"My paid Revolut plan payment failed and the app UI looks different from the help article so I can’t find where to check billing status or top up to cover the missed subscription. Can you tell me if I’m at risk of losing benefits or getting downgrade fees, what the next payment date and plan end date are, and what happens to partner perks, insurance, and plan cards if this stays unpaid?"
us_fintech_poweruser,paid_plan_missed_payment,angry_after_waiting,"My paid Revolut plan payment failed and I’m not trying to get hit with downgrade fees or lose benefits because of a billing issue. I need to know the current plan status, how to add funds to cover the missed subscription now, when the next payment and plan end date are, and exactly what happens to partner perks, insurance, and my plan cards if it stays unpaid or gets downgraded."
us_fintech_poweruser,referral_reward_missing,empty,"Hey, I referred a friend to Revolut and was expecting the reward but it still hasn’t hit my account. Can you check whether they signed up through the right invite link and met all the requirements like adding money, ordering/activating the physical card if needed, and making the qualifying purchases before the deadline?"
us_fintech_poweruser,referral_reward_missing,poor_internet_connection,"Hey, I invited a friend through my Revolut link and expected the referral reward, but it still hasn’t hit. Can you check whether they used the correct invite link and met all the campaign steps like adding money, ordering/activating the physical card if needed, and making the qualifying purchases before the deadline, or if there’s some exclusion or smaller reward condition I’m missing?"
us_fintech_poweruser,referral_reward_missing,anxious_security_fear,"Hey, I’m pretty anxious about this referral bonus not showing up yet — can you check if my invite actually qualified and whether my friend used the right link, added money, ordered/activated the physical card if required, and hit the purchase deadline? I just want to make sure there’s no issue with my money or personal data, because this feels off."
us_fintech_poweruser,referral_reward_missing,confused_by_app_updates,"I invited a friend for the referral bonus but the reward still hasn’t hit, and the app UI looks way different from the instructions I found so I can’t even tell where to check the campaign status. Can you help verify if they used the right invite link, met the add money/card purchase requirements before the deadline, and whether any exclusions or smaller reward rules apply?"
us_fintech_poweruser,referral_reward_missing,angry_after_waiting,"I’m missing my referral reward and this is getting ridiculous. Can you check right now whether my friend actually qualified — used the right invite link, added money, ordered/activated the physical card if needed, and hit the required purchases before the deadline — or if you’re going to tell me some smaller-print exclusion blocked it?"
us_fintech_poweruser,travel_insurance_claim_documents,empty,"I need to start a travel insurance claim for delayed baggage in Revolut, but I’m not sure what docs I need up front. Can you tell me the exact steps in the insurance section and what proof to prep, like travel docs, receipts, airline delay confirmation, baggage report, and any expense evidence, plus whether they might ask for more info later before deciding coverage?"
us_fintech_poweruser,travel_insurance_claim_documents,poor_internet_connection,"I’m trying to start a travel insurance claim for delayed baggage in the app but the uploads keep failing on my spotty connection and the flow is kinda unclear. What docs do I actually need from the insurance section to get this moving — flight/travel confirmation, baggage delay report from the airline, receipts for clothes/toiletries, anything else — and can the insurer ask for more evidence before deciding if it’s covered?"
us_fintech_poweruser,travel_insurance_claim_documents,anxious_security_fear,"I had delayed baggage on a trip and need to start a travel insurance claim in Revolut, but I’m not sure what docs I need. Can you tell me the exact steps in the insurance section and what proof to upload so I don’t mess it up? I’m a little anxious about sharing anything sensitive so pls confirm what’s actually needed and whether they might ask for more evidence later."
us_fintech_poweruser,travel_insurance_claim_documents,confused_by_app_updates,"Trying to start a travel insurance claim for delayed baggage but the app UI looks different from the steps I found, so I can’t locate the right place. Can you point me to where to begin the claim and what docs I need to have ready like airline delay confirmation, receipts, and any proof of extra expenses?"
us_fintech_poweruser,travel_insurance_claim_documents,angry_after_waiting,"I need to start a travel insurance claim for delayed baggage ASAP and support has been painfully slow. Tell me exactly what docs I need from the insurance section now—travel docs, receipts, baggage delay confirmation, airline report, proof of expenses—and whether anything else can be requested before you decide if it’s covered."
us_fintech_poweruser,airport_lounge_pass_issue,empty,"I bought an airport lounge pass in Revolut but the staff can’t scan it and say it looks invalid. Can you help me find the pass in-app and check the airport, terminal, passenger details, date, and terms of use, plus tell me if it can be cancelled or refunded and what proof I should collect if I couldn’t use a valid pass?"
us_fintech_poweruser,airport_lounge_pass_issue,poor_internet_connection,"Bought an airport lounge pass in Revolut but the staff can’t scan it and are saying it’s not valid. My connection is kinda unstable so the app screens and uploads keep failing, but I need help finding the pass, checking the airport/terminal, passenger details, date, and terms, plus whether this can be cancelled or refunded if it’s a valid pass I couldn’t use."
us_fintech_poweruser,airport_lounge_pass_issue,anxious_security_fear,"I just bought an airport lounge pass in Revolut and the lounge staff can’t scan it or are saying it’s not valid, which is kinda freaking me out — can you help me find the pass in-app and verify the airport, terminal, passenger details, date, and terms of use? Also, is there any way to cancel or get a refund if it was valid but I still couldn’t use it, and what proof should I collect in case my money or personal data is at risk?"
us_fintech_poweruser,airport_lounge_pass_issue,confused_by_app_updates,"I bought an airport lounge pass in Revolut but the lounge staff says it won’t scan or isn’t valid, and the app UI looks different from the steps I found so I can’t even find where the pass lives now. Can you help me verify the airport/terminal, passenger details, date and terms, and also whether this can be cancelled or refunded if I couldn’t use a valid pass?"
us_fintech_poweruser,airport_lounge_pass_issue,angry_after_waiting,"I bought an airport lounge pass in Revolut and the lounge staff says it won’t scan / isn’t valid, which is a huge pain point after already waiting forever. I need you to help me find the pass in the app, verify the airport/terminal/passenger details/date and terms, and tell me straight up if this can be cancelled or refunded and what proof I should collect since I couldn’t use a valid pass."
us_fintech_poweruser,esim_activation_failed,empty,"My Revolut eSIM data plan won’t install or activate on my iPhone and it’s kinda a pain point before my trip. Can you help me check if my device is actually eSIM compatible, make sure it’s unlocked and online, and confirm the right setup steps since I already paid for the plan but can’t use it?"
us_fintech_poweruser,esim_activation_failed,poor_internet_connection,"Bought a Revolut eSIM for my trip and it’s not installing or activating on my iPhone. My connection is spotty so the setup screens keep failing, but I already paid and need to know if my phone is actually compatible, unlocked, and what the exact steps are to get it live or if I need support to fix the plan."
us_fintech_poweruser,esim_activation_failed,anxious_security_fear,"I bought a Revolut eSIM for an upcoming trip but it won’t install or activate on my iPhone, and I’m low-key freaking out because I paid for it and don’t want my money or data at risk. Can you help me check if my device is actually eSIM-compatible and unlocked, and walk me through the right setup steps so I know whether the plan is just unusable or if I need a refund?"
us_fintech_poweruser,esim_activation_failed,confused_by_app_updates,"Bought a Revolut eSIM for my trip but it won’t install or activate on my iPhone, and the app UI looks different from the help steps I found so I can’t even find the right setup flow. Can you help me figure out if my device is eSIM-compatible/unlocked and what I need to toggle for mobile data or roaming so this thing actually works?"
us_fintech_poweruser,esim_activation_failed,angry_after_waiting,"I bought a Revolut eSIM data plan for my trip and it still won’t install or activate on my phone, which is honestly a pain point at this point. I need a straight answer on whether my device is even compatible, if it has to be unlocked and online first, and what exact steps I should follow now because I already paid for this and it’s unusable."
us_fintech_poweruser,crypto_withdrawal_pending,empty,"My crypto withdrawal to an external wallet is still pending and the recipient hasn’t received anything yet. Can you check the selected network, wallet address, limits/fees, and whether any extra verification or blockchain confirmations are holding it up, or tell me what to do if it’s failed vs just stuck pending"
us_fintech_poweruser,crypto_withdrawal_pending,poor_internet_connection,"My crypto withdrawal from Revolut is still pending and the external wallet hasn’t received anything yet. I’ve got spotty internet so the screens keep failing, but can you check the selected network, wallet address, limits/fees, and whether any extra owner info or security check is holding it up?"
us_fintech_poweruser,crypto_withdrawal_pending,anxious_security_fear,"I withdrew crypto from Revolut to my external wallet and it’s still pending, but the wallet hasn’t received anything yet. Can you please check the network, recipient address, limits/fees, and whether any extra security or wallet-owner info is blocking it? I’m pretty anxious here and just want to know if this is safe, how long confirmations should take, and what happens if it stays pending or fails."
us_fintech_poweruser,crypto_withdrawal_pending,confused_by_app_updates,"I just withdrew crypto from Revolut to an external wallet and it’s still pending, but the address hasn’t received anything yet. The app UI looks different than the steps I found, so I can’t find where to check the network, wallet address, fees/limits, or whether there’s some extra security check holding it up."
us_fintech_poweruser,crypto_withdrawal_pending,angry_after_waiting,"My crypto withdrawal to an external wallet is still pending and the recipient hasn’t gotten anything yet, which is a huge pain point. Can you check the network, wallet address, any limits/fees or extra security checks, and tell me why this is still stuck and what happens if it fails?"
us_fintech_poweruser,trading_order_pending,empty,"My stock buy order is still pending in Revolut Trading and the shares aren’t showing up in my portfolio yet. Can you help me figure out if this is just market hours, an order type issue, or something like cash/fractional share restrictions or a trading halt?"
us_fintech_poweruser,trading_order_pending,poor_internet_connection,"My stock buy order in Revolut Trading is still pending and the shares aren’t showing in my portfolio, which is kinda annoying bc my connection has been spotty and the app keeps failing on me. Can you explain what’s actually holding it up — market hours, order type, available cash, fractional rules, halts, or some sell-only restriction — and when it would either execute or get canceled?"
us_fintech_poweruser,trading_order_pending,anxious_security_fear,"Hey, I placed a stock buy order in Revolut Trading and it’s still pending, but the shares aren’t showing in my portfolio. I’m kinda freaking out because I’m not sure if my money or data is at risk — can you tell me why this would sit unfilled and whether it’s just market hours, order type, available cash, or some trading restriction?"
us_fintech_poweruser,trading_order_pending,confused_by_app_updates,"I placed a stock buy order in Revolut Trading and it’s still pending, but I can’t see the shares in my portfolio. The app UI looks different from the help docs I found, so I can’t tell where to check if it’s waiting on market hours, cash availability, fractional rules, or something like a trading halt or sell-only restriction."
us_fintech_poweruser,trading_order_pending,angry_after_waiting,"My stock buy order is still pending in Revolut Trading and the shares aren’t showing in my portfolio — what’s the actual hold up? I’ve waited way too long, so can you tell me right now if this is just market hours, an order type issue, extended-hours limitation, available cash, fractional share rule, trading halt, or some sell-only restriction, and whether it’s waiting for execution or about to get cancelled?"
pt_crypto_curious,identity_passport_upload,empty,"My Revolut appp got temporarily limited and it’s asking for a passport/ID review, but I cant find where to upload it. Also my card stopped working, so can you tell me how to open the in-app request, send a clear photo of my passport securely, and how long it usually takes to get full access back?"
pt_crypto_curious,identity_passport_upload,poor_internet_connection,"Hey, my Revolut appp says my account is limited and asks for a passport/ID, but my card stopped working and I can’t find where to upload it. The connection is unstable so the screen keeps failing lol — can you tell me exactly where to open the request and submit the document securely?"
pt_crypto_curious,identity_passport_upload,anxious_security_fear,"Hey, my Revolut account got limited and now my card isnt working, and the app says I need to upload a passport/ID but I cant find where to do it. Can you pls tell me exactly where in the app to submit it securely and if my money/personal data is safe? I'm kinda freaking out, lol."
pt_crypto_curious,identity_passport_upload,confused_by_app_updates,"Oi, a minha conta ficou limitada e o card parou de funcionar, e o app diz que preciso enviar passport/ID mas a interface tá diferente das instrucoes que vi e nao encontro onde fazer upload. Podem dizer me exatamente onde abrir o pedido no Revolut appp e como enviar a foto do documento de forma segura?"
pt_crypto_curious,identity_passport_upload,angry_after_waiting,"My Revolut appp got limited after the security review and now my card doesnt work, but I cant find where to upload the passport doc. Can you tell me exactly where to open the in-app request, take a clear photo and submit it now, because I’ve already waited bué long and need my account back asap?"
pt_crypto_curious,proof_of_address_rejected,empty,"Hey, I tried to verify my address on the Revolut appp but my proof of address got rejected, and I uploaded a screenshot of an online bill. Can you tell me what docs are accepted and how I can check if my name/address match the profile + if it needs to be recent and readable before I resend it?"
pt_crypto_curious,proof_of_address_rejected,poor_internet_connection,"Hey, tentei verificar a morada no Revolut appp mas o comprovativo foi rejeitado e nao percebo pq — era um screenshot de uma fatura online. A net anda bué instavel e o upload falhou outra vez; podem dizer-me que docs sao aceites e como confirmar se nome, morada e data estao ok antes de reenviar?"
pt_crypto_curious,proof_of_address_rejected,anxious_security_fear,"Hey, I tried to verify my address in the Revolut appp and my online bill screenshot got rejected, but I dont get why. Can you pls tell me what docs are accepted, if the name/address have to match exactly, and if my data/money is safe? I’m kinda anxious lol, just want to resubmit it properly through the verification flow."
pt_crypto_curious,proof_of_address_rejected,confused_by_app_updates,"Hey, I tried to verify my address in the Revolut appp but my proof of address got rejected and I’m not sure why. I uploaded an online bill screenshot, but the app looks different from the help article I found and I can’t even locate the right place to resubmit it — what docs are accepted and what should I check on name/address/date?"
pt_crypto_curious,proof_of_address_rejected,angry_after_waiting,"Meu comprovativo de morada foi rejeitado e já esperei bué tempo por ajuda, isto tá a ficar ridiculo. Carreguei um screenshot de uma fatura online mas a appp não explica pq nao aceitou — podem dizer-me exatamente que docs sao aceites, se o nome e a morada têm de bater certinho com o perfil e como resubmeter isso já no flow de verificação?"
pt_crypto_curious,source_of_funds_review,empty,"Recebi um pedido de source of funds depois de varios transf grandes e estou preocupado que a conta seja fechada lol. O que e que o Revolut costuma pedir exatamente — payslips, tax docs, bank statements, sale contract, etc — e como posso provar bem a origem do dinheiro?"
pt_crypto_curious,source_of_funds_review,poor_internet_connection,"Recebi um pedido de source of funds depois de umas transfers grandes e estou preocupado que a conta possa ser fechada, pq o upload fica a falhar com a minha net instavel. Que documentos é que vocês precisam mesmo — payslips, tax docs, bank statements, sale contracts — e como é que eu sei quais é que suportam bem as transações em review?"
pt_crypto_curious,source_of_funds_review,anxious_security_fear,"Recebi um pedido de source of funds no Revolut appp depois de umas transfers grandes e estou bué ansioso, tenho medo de me fecharem a conta ou de perder o dinheiro/personal data. Que docs costumam pedir exatamente — salary slips, tax docs, bank statements, sale contract, etc — e como é que posso garantir que os documentos ficam mesmo ligados às transações em review?"
pt_crypto_curious,source_of_funds_review,confused_by_app_updates,"Recebi um pedido de source of funds depois de uns transfers grandes e estou um bocado perdido pq a app mudou e nao encontro onde enviar os docs. O que é que vocês precisam exatamente — salary slips, tax docs, bank statements, sale contract, etc?"
pt_crypto_curious,source_of_funds_review,angry_after_waiting,"Fds, I’ve been waiting bué tempo and now Revolut is asking for source of funds docs after the large transfers — can you just tell me exactly what you need so my account doesn’t get closed? I can send salary slips, tax docs, bank statements or sale contracts, but I need a clear answer now, not vague stuff."
pt_crypto_curious,card_payment_declined_enough_funds,empty,"Hey, my Revolut card got declined in a store even tho I have enough balance. Can you check what could be blocking it? Maybe it’s the card settings, spending limits, merchant type, frozen card, or some security decline — and what can I change in the app before I try again?"
pt_crypto_curious,card_payment_declined_enough_funds,poor_internet_connection,"Tentei pagar numa store com a minha Revolut card e foi declined, mas tenho saldo suficiente. Podem ver se é por card security, spending limit, card frozen, location-based security ou alguma temporary security decline? A appp tbm anda a falhar com a net fraca, então queria saber o que consigo mudar antes de tentar outra vez."
pt_crypto_curious,card_payment_declined_enough_funds,anxious_security_fear,"Hey, I tried to pay in a store with my Revolut card and it got declined even though I have enough balance — can you pls check what could be blocking it? I’m kinda worried something’s wrong with my account or card security, so if it’s a limit/frozen card/location/PIN/merchant issue, tell me what I can change in the app before I try again."
pt_crypto_curious,card_payment_declined_enough_funds,confused_by_app_updates,"Estava a tentar pagar numa loja com o cartao Revolut e foi declined, mas tenho saldo suficiente. O problema e que a appp mudou e nao consigo encontrar onde ver se é bloqueio de segurança, limites de spending, card frozen ou a opcao certa para confirmar antes de tentar outra vez, help?"
pt_crypto_curious,card_payment_declined_enough_funds,angry_after_waiting,"Meu pagamento na loja foi recusado com saldo suficiente, e já esperei bué tempo por ajuda — quero saber já o que está a bloquear isto no Revolut appp. Pode ser security settings, spending limit, card frozen, location/PIN/merchant category ou uma security decline temporária? Diga-me exatamente o que posso mudar na app antes de tentar outra vez, pq preciso resolver isto agora."
pt_crypto_curious,apple_pay_card_add_failed,empty,"Hey, I’m trying to add my Revolut card to Apple Pay but I keep getting an error during verification. Can you help me check if my card is eligible and what I should try next?"
pt_crypto_curious,apple_pay_card_add_failed,poor_internet_connection,"Hey, estou a tentar adicionar a minha Revolut card ao Apple Pay mas a verificação dá erro e a wallet app falha bué, talvez por causa do net instavel. Já tentei algumas vezes, mas isto não entra — podem dizer-me o que checkar tipo elegibilidade Apple Pay, se a app da Revolut e o iOS têm de estar atualizados, se o cartão está ativo/não bloqueado, e se o numero para os códigos é o certo? Também devo tentar adicionar pela app da Revolut em vez de meter os dados manualmente?"
pt_crypto_curious,apple_pay_card_add_failed,anxious_security_fear,"Nao consigo adicionar a minha Revolut card ao Apple Pay, da erro na verification e estou bué preocupado que possa ser algum risco para a minha conta ou dados. Podem dizer-me se está tudo ok com a minha card e o que devo verificar tbm — tipo Apple Pay eligibility, app Revolut/iOS updated, card active/não blocked, phone number para os codes e se devo tentar adicionar pela app Revolut em vez de meter os details manualmente?"
pt_crypto_curious,apple_pay_card_add_failed,confused_by_app_updates,"Estou a tentar adicionar a minha Revolut card ao Apple Pay, mas dá erro na verification e a interface da app mudou bué, então não encontro onde fazer isto. Podem dizer-me os passos certos para ver se a card é eligible, se tenho a Revolut app e iOS atualizados, se a card está active/não blocked, e se devo tentar adicionar pela Revolut app em vez de meter os details manualmente?"
pt_crypto_curious,apple_pay_card_add_failed,angry_after_waiting,"Tou já esperei bué e isto continua a dar erro no Apple Pay a verificar a minha card da Revolut. Podem dizer-me straight away o que tenho de fazer: confirmar se o meu cartão é elegível, se a app iOS e a Revolut estão atualizadas, se o cartão está ativo/não bloqueado, e se o nº de telemóvel para os códigos está certo? E se faz favor, quero meter a card de novo pela app da Revolut e não manualmente, pq isto já está a irritar-me."
pt_crypto_curious,virtual_card_not_working,empty,"Criei uma virtual card no revolut appp para uma compra online mas o merchant keep rejecting the payment, how do I check if it's a normal virtual card or a single-use one? Tb queria confirmar se online payments estão enabled e se a billing address/card details têm de estar exatamente certos, pq o site tá a dar erro."
pt_crypto_curious,virtual_card_not_working,poor_internet_connection,"Hey, I created a virtual card for an online purchase but the merchant keeps rejecting it in the revolut appp. Can you help me check if it’s a standard virtual card or single-use, if online payments are enabled, and if my billing address/card details need to match? My connection is super unstable so the screens keep failing lol."
pt_crypto_curious,virtual_card_not_working,anxious_security_fear,"Criei uma virtual card para uma compra online, mas o merchant keeps rejecting it e estou bué preocupado se a minha money ou dados estão em risco, lol. Podem confirmar se estou a usar uma standard virtual card ou single-use, se online payments estão enabled, e se o billing address/card details podem estar errados?"
pt_crypto_curious,virtual_card_not_working,confused_by_app_updates,"Criei uma virtual card para uma compra online mas o merchant keeps rejecting it, e a app interface mudou bué so estou meio perdido a tentar perceber se é standard virtual card ou single-use, e onde vejo se online payments estao enabled. Podem confirmar tbm se a billing address e os card details estao ok e se este merchant/subscription pode estar a bloquear virtual/disposable cards?"
pt_crypto_curious,virtual_card_not_working,angry_after_waiting,"Criei uma virtual card para uma compra online e o merchant ta a rejeitar sempre, preciso de uma solução já pq já esperei bué tempo. Como vejo se é uma standard virtual card ou single-use, confirmo se online payments estao enabled e se o billing address/card details estao correctos?"
pt_crypto_curious,lost_stolen_card_freeze,empty,"Perdi o meu cartão fisico da Revolut enquanto viajava e estou com medo que alguém o use. Podem dizer-me como o freeze já no app, ver as transações recentes e reportar qualquer pagamento suspeito, e também como pedir um replacement card para a morada certa? Enquanto isso, posso continuar a usar virtual card ou Apple Pay/Google Pay, top?"
pt_crypto_curious,lost_stolen_card_freeze,poor_internet_connection,"Perdi o meu cartão físico da Revolut a viajar e a net tá super instável, as screens no appp ficam a falhar. Como é que posso freeze o cartão já, ver as transacoes recentes e reportar qualquer pagamento suspeito? E se precisar, consigo pedir um replacement card para a morada certa e continuar a usar virtual card/mobile wallet meanwhile?"
pt_crypto_curious,lost_stolen_card_freeze,anxious_security_fear,"Perdi o meu Revolut card while travelling e estou bué preocupado que alguém use it, pls tell me how to freeze it ASAP in the app and check if there were any suspicious payments. Se tiver de pedir replacement, quero garantir que vai para a morada certa, e meanwhile posso continuar a usar virtual card / Apple Pay?"
pt_crypto_curious,lost_stolen_card_freeze,confused_by_app_updates,"Perdi o meu cartão fisico durante uma viagem e quero bloquear já no revolut appp, mas a interface está diferente das instruções que encontrei e nao estou a ver onde fazer isso. Tambem quero confirmar transações recentes, reportar qualquer pagamento suspeito e pedir um replacement para a morada certa, pq preciso continuar a usar virtual cards / Apple Pay enquanto espero."
pt_crypto_curious,lost_stolen_card_freeze,angry_after_waiting,"Perdi o meu cartão fisico da Revolut enquanto viajava e preciso de bloquear isso já no app, ver as transacoes recentes e reportar qualquer pagamento suspeito imediatamente. Quero tambem pedir um replacement card para a morada certa e continuar a usar virtual card/mobile wallet meanwhile, pq já esperei bué e preciso de uma resposta clara agora."
pt_crypto_curious,atm_withdrawal_pending,empty,"Fui levantar cash num ATM e não saiu dinheiro, mas no Revolut appp a operação está pending. Isto é normal? Queria perceber se pode ficar assim enquanto o operador do ATM faz o settlement/reverse e o que devo fazer se acabar por ficar completed sem eu ter recebido o dinheiro."
pt_crypto_curious,atm_withdrawal_pending,poor_internet_connection,"Tentei levantar cash num ATM e nao saiu dinheiro, mas no Revolut appp a withdrawal está pending ainda. Isto é normal? A net ta bué instavel e os screens/upload falham, mas preciso mesmo de saber se tenho de esperar a reversão/settlement do ATM operator ou se devo falar convosco já."
pt_crypto_curious,atm_withdrawal_pending,anxious_security_fear,"Fui levantar cash num ATM e a maquina nao deu o dinheiro, mas no Revolut appp a transacao ficou pending. Tou bué preocupado pq parece que o meu dinheiro/personal data ficou em risco — isto é normal ou devo fazer algo já?"
pt_crypto_curious,atm_withdrawal_pending,confused_by_app_updates,"Tentei levantar dinheiro num ATM, mas não saiu cash e no Revolut aparece como pending. A interface da app mudou e já não encontro a secção certa pra confirmar isto lol — isto pode ficar pendente enquanto o operador do ATM faz o settle/reversal?"
pt_crypto_curious,atm_withdrawal_pending,angry_after_waiting,"O ATM nao deu o cash mas no Revolut appp a retirada aparece pending ha imenso tempo — isto vai ser revertido ou tenho de fazer alguma coisa agora? Quero uma resposta clara já, pq nao vou ficar a pagar por dinheiro que nunca recebi."
pt_crypto_curious,card_refund_missing,empty,"Hey, I returned an item and the merchant says the refund was already issued, but it still hasn’t shown up in my Revolut balance. Can you check the original card payment and tell me if this kind of refund can take a few days to appear or show linked to the original transac?"
pt_crypto_curious,card_refund_missing,poor_internet_connection,"Hey, I returned an item and the merchant says the refund was issued, but it still hasn’t shown up in my Revolut balance. Can you check the original card payment and tell me if this is normal / how long it usually takes, since my appp connection keeps failing and I can’t see updates properly?"
pt_crypto_curious,card_refund_missing,anxious_security_fear,"I returned an item and the merchant says the refund was issued, but it still hasnt shown in my Revolut balance and I’m getting kinda anxious, can you check if it’s linked to the original card payment? Is it normal for card refunds to take a few days, and when should I ask the merchant for confirmation vs contact Revolut if it still doesn’t arrive?"
pt_crypto_curious,card_refund_missing,confused_by_app_updates,"Fiz uma devolução a um merchant e ele diz que o refund ja foi emitido, mas ainda nao apareceu na minha Revolut balance. A app mudou e as instruçoes que vi nao batem certo, nao consigo encontrar onde ver o original payment ou o status do refund — podem ajudar?"
pt_crypto_curious,card_refund_missing,angry_after_waiting,"Já esperei bué tempo por este refund e ainda nao caiu na minha Revolut balance. Quero uma resposta clara agora: conseguem verificar a transacçao original e dizer-me se o merchant realmente enviou o refund? Se isto ainda pode aparecer ligado ao payment original, digam-me quanto tempo mais tenho de esperar — e se já passou o prazo, quero saber logo como abrir o caso com a Revolut appp."
pt_crypto_curious,chargeback_case_update,empty,"Hey, I disputed a card payment because the merchant never delivered the goods, but I still havent got any update on the case in the Revolut appp. Can you explain how the chargeback process works and if you need any extra evidence from my side like receipts, tracking, or msgs with the merchant?"
pt_crypto_curious,chargeback_case_update,poor_internet_connection,"Hey, I disputed a card payment pq the merchant nunca entregou the goods, but I still havent got any update on the chargeback case. Can you explain how the dispute process works and what evidence you might need from me, like receipts, tracking info, chats with the merchant, or cancellation proof?"
pt_crypto_curious,chargeback_case_update,anxious_security_fear,"Hey, disputei um card payment pq o merchant nunca entregou as cenas e ainda nao tive nenhum update no chargeback case na revolut appp. Podes explicar-me como funciona o processo e dizer se preciso de enviar evidence tipo receipts, tracking, mensagens com o merchant ou proof de cancelamento? Estou bué preocupado, parece que o meu dinheiro ou dados podem estar em risco e queria mesmo reassurance sobre o timing e o que falta para ter um outcome final."
pt_crypto_curious,chargeback_case_update,confused_by_app_updates,"Boas, disputei um card payment pq o merchant nunca entregou os goods, mas no revolut appp a interface ta diferente das instruçoes que vi e nao consigo encontrar o sitio do chargeback case. Podem explicar como funciona o processo e que evidence posso precisar enviar tipo receipt, tracking, msgs com o merchant ou proof de cancellation?"
pt_crypto_curious,chargeback_case_update,angry_after_waiting,"Disputei um pagamento no cartao pq o merchant nunca entregou a encomenda e ainda nao recebi qualquer update, isto ja demora bué. Podem dizer-me claramente em que fase está o chargeback e que prova precisam de mim tipo receipt, tracking, conversa com o merchant ou prova de cancelamento?"
pt_crypto_curious,top_up_reverted,empty,"Fiz um top up com debit card e o saldo apareceu por um instante mas depois foi revertido, o que pode ter acontecido? Queria saber se é melhor tentar outra vez, fazer bank transfer ou falar com o issuer do cartão, pq no revolut appp não ficou claro se foi declined, auth falhada ou se o cartão nem é suportado."
pt_crypto_curious,top_up_reverted,poor_internet_connection,"Mano, fiz top up com debito e a app mostrou o saldo a subir, mas depois foi revertido lol. Aconteceu várias vezes e a net aqui tbm ta super instável, pode ser do issuer a recusar/reverter a transacção, auth falhada ou o meu cartão nao ser suportado? Devo tentar outra vez, fazer bank transfer ou falar com o banco?"
pt_crypto_curious,top_up_reverted,anxious_security_fear,"Fiz um top up com cartao de debito e o saldo apareceu por uns segundos mas depois foi reverted, estou bué anxious pq nao sei se a minha money ficou presa ou se os meus dados estao em risco. Podem dizer-me o que pode ter causado isto e se devo tentar outra vez, usar bank transfer, ou falar com o meu card issuer?"
pt_crypto_curious,top_up_reverted,confused_by_app_updates,"Adicionei dinheiro com um cartao de debito, o saldo apareceu por uns segundos e depois foi revertido no revolut appp. A interface ta diferente das instruçoes que encontrei e nao estou a achar onde ver o motivo — é problema do issuer, auth que falhou, ou o cartao nao é suportado? Devo tentar outra vez, fazer bank transfer, ou falar com o meu banco?"
pt_crypto_curious,top_up_reverted,angry_after_waiting,"I topped up with my debit card, the balance showed up for a sec and then got reverted, wtf is happening? Need a clear answer now — was it declined by my card issuer, auth failed, or is my card not supported, and should I retry, use bank transfer, or contact the issuer?"
pt_crypto_curious,bank_transfer_pending_inbound,empty,"Hey, estou à espera de uma bank transf para aparecer na Revolut appp mas ainda está pending/missing, embora o sender diga que já enviou. Can you check if the right local/international account details and currency were used, and what info you need to trace it if it doesnt arrive dentro do expected timeframe?"
pt_crypto_curious,bank_transfer_pending_inbound,poor_internet_connection,"Boas, estou a espera de uma bank transfer na Revolut mas ainda aparece pending/missing e o remetente diz que ja enviou. Consegue verificar se usaram os dados certos da conta local/internacional, se a moeda e o tipo de transf sao suportados, e o que precisas para tracear isto se nao chegar a tempo?"
pt_crypto_curious,bank_transfer_pending_inbound,anxious_security_fear,"Hey, I'm kinda anxious because a bank transfer was supposed to arrive in my Revolut but it's still pending / missing and the sender says it was sent already. Can you help check if the right local/international details were used, if the currency or transfer type is supported, and what info you need to trace it if it doesn’t show up soon?"
pt_crypto_curious,bank_transfer_pending_inbound,confused_by_app_updates,"Recebi que a transferência já foi enviada, mas ainda tá pending/missing no Revolut e o appp agora tá diferente das instruções q encontrei, nao consigo achar onde ver os dados da conta certa. Podes confirmar se usaram os detalhes locais ou internacionais correctos, se a moeda/tipo de transf é suportado, e o que preciso pra rastrear isto se nao chegar a tempo?"
pt_crypto_curious,bank_transfer_pending_inbound,angry_after_waiting,"Estou a espera de um bank transfer ha bué tempo e o sender diz que ja foi enviado, mas no Revolut ainda aparece pending ou nem sequer chegou. Podem verificar já se usaram os account details certos, a moeda e o tipo de transfer estao suportados, e se preciso de um trace/reference para resolver isto hoje?"
pt_crypto_curious,wrong_revolut_recipient_transfer,empty,"Enviei um transfer para a pessoa errada pq escolhi o contacto/Revtag errado no revolut appp 😓 dá para cancelar ainda? Se nao der, como é que posso contactar o destinatario para pedir o dinheiro de volta e reportar isto se ele nao colaborar? Tbm queria saber como evitar isto da prox vez, tipo que detalhes devo confirmar antes de carregar em send."
pt_crypto_curious,wrong_revolut_recipient_transfer,poor_internet_connection,"Enviei um transfer para a pessoa errada pq o sinal tava a falhar e acho que selecionei o contact/Revtag errado no revolut appp. Dá para cancelar isto ainda, ou como posso pedir o dinheiro de volta ao destinatário e reportar se ele não responder?"
pt_crypto_curious,wrong_revolut_recipient_transfer,anxious_security_fear,"Enviei uma transfer para a pessoa errada por engano, acho que selecionei o contacto/Revtag errado e estou bué preocupado/a sério com o meu dinheiro e dados — dá para cancelar isto ainda? Se nao der, como é que contacto a pessoa para pedir o dinheiro de volta e como reporto no app se ela nao responder? Também quero saber como evitar isto no futuro pq estou mesmo anxious e quero confirmar os detalhes antes de carregar em send."
pt_crypto_curious,wrong_revolut_recipient_transfer,confused_by_app_updates,"Enviei um transf para a pessoa errada depois de escolher o contacto/Revtag errado e a app mudou, por isso nao consigo encontrar onde cancelar ou pedir o dinheiro de volta. Como contacto o destinatario, reporto isto se nao colaborar, e onde vejo os detalhes certos antes de confirmar uma transfer na revolut appp?"
pt_crypto_curious,wrong_revolut_recipient_transfer,angry_after_waiting,"Enviei uma transfer para a pessoa errada pq selecionei o contacto/Revtag errado e já estou bué farto de esperar — quero saber AGORA se ainda dá para cancelar, como contacto o destinatário para pedir o dinheiro de volta, e o que faço se ele nao cooperar. Tambem digam-me como evitar isto no futuro antes de confirmar a transfer, pfv."
pt_crypto_curious,bank_transfer_extra_info_request,empty,"Fiz uma bank transf e a Revolut appp pediu info extra antes de processar, mas nao percebo pq esta a ser review. O que devo enviar para acelerar? Tipo purpose of payment, relação com o recipient, invoice/contract ou outros docs?"
pt_crypto_curious,bank_transfer_extra_info_request,poor_internet_connection,"Hey, iniciei uma bank transf e o Revolut pediu info extra antes de processar, mas o meu net ta super instavel e a appp falha quando tento subir docs. O que normalmente precisam aqui — purpose of payment, relacao com o recipient, invoice/contract etc — e como posso enviar tudo sem ficar preso no review?"
pt_crypto_curious,bank_transfer_extra_info_request,anxious_security_fear,"Hey, I initiated a bank transfer and now Revolut appp is asking for extra info before processing it, but I’m kinda anxious about why this is happening and if my money/data is safe. Can you pls tell me exactly what details I should provide to make the review go through faster — like purpose of payment, relationship to the recipient, invoice/contract, etc. — and reassure me this is normal?"
pt_crypto_curious,bank_transfer_extra_info_request,confused_by_app_updates,"Hey, I started a bank transfer and the revolut appp asked for extra info, but the interface looks different from the instructions I found so I can’t even locate the right place to add the purpose/recipient details. What exactly do I need to submit here, and is it enough to just explain the reason for payment or do I also need invoice/contract proof?"
pt_crypto_curious,bank_transfer_extra_info_request,angry_after_waiting,"Porque é que esta transf ta em review ha bué tempo?? Só quero uma resposta clara e resolver isto agora. Se precisam de info extra, digam logo exactamente o que querem — purpose of payment, relationship with the recipient, invoice/contract, whatever — e eu envio já, mas não me deixem nisto sem explicacao."
pt_crypto_curious,scheduled_payment_insufficient_funds,empty,"Hey, I had a scheduled transfer in Revolut appp but it failed because my balance wasnt enough at the time. Can you explain why it didnt go through and how I can top up and retry it, or create a new one? Also, how do I edit/cancel future scheduled transfers and make sure I keep enough balance in the right currency next time?"
pt_crypto_curious,scheduled_payment_insufficient_funds,poor_internet_connection,"Tinha um scheduled transfer agendado mas falhou pq nao tinha funds enough na conta when it tried to go out, e com o meu net instavel a appp fica a falhar e nem consigo ver bem o que aconteceu lol. Como é que adiciono dinheiro e faço retry ou crio outro transfer, e tbm como edito/cancelo os futuros scheduled transfers para nao voltar a falhar?"
pt_crypto_curious,scheduled_payment_insufficient_funds,anxious_security_fear,"Hey, I had a scheduled transf that failed because there wasnt enough balance at the time, and now I’m a bit worried if anything is wrong with my account or if my data is safe lol. Can you explain why it didnt go out, how I can top up and retry/create it again, and how to edit or cancel future scheduled payments so this doesnt happen again?"
pt_crypto_curious,scheduled_payment_insufficient_funds,confused_by_app_updates,"Hey, I set up a scheduled transf in the Revolut appp but it failed bc there wasnt enough money at the time, and now the UI looks different from the help article so I cant find where to top up and retry it or create a new one. Can you tell me where to edit/cancel future scheduled transfers and how to make sure I keep enough balance in the right currency next time?"
pt_crypto_curious,scheduled_payment_insufficient_funds,angry_after_waiting,"Ya esperei bué tempo e a scheduled transf falhou pq nao havia saldo suficiente na conta Revolut na hora certa. Quero saber já pq nao saiu, como posso adicionar dinheiro e tentar de novo ou criar outra scheduled payment, e tbm como editar/cancelar as futuras para nao voltar a acontecer."
pt_crypto_curious,direct_debit_unrecognized,empty,"Hey, I just got a Direct Debit attempt in my Revolut appp that I dont recognise and wanna stop it before more money goes out. Can you help me find the mandate, check the merchant name and payment history, and tell me how to cancel it if needed? Also, what should I do if the payment already went through or if I think it was set up fraudulently?"
pt_crypto_curious,direct_debit_unrecognized,poor_internet_connection,"Hey, I just saw a Direct Debit attempt in the Revolut appp that I don’t recognise and I want to stop it before any money goes out. Can you show me where to find the mandate, check the merchant name/history, and cancel it if needed? If it already went through or looks fraudulent, what’s the next step?"
pt_crypto_curious,direct_debit_unrecognized,anxious_security_fear,"Boas, apareceu-me um Direct Debit no Revolut que eu nao reconheço e estou bué preocupado que seja fraude, dá pra bloquear isto antes de tirarem mais dinheiro? Preciso de encontrar o mandate no app, ver o merchant name e o histórico, e cancelar já se for preciso — e diz-me tbm o que fazer se a cobrança já tiver saído ou se foi mesmo sem eu autorizar, pq estou mesmo ansioso com isto."
pt_crypto_curious,direct_debit_unrecognized,confused_by_app_updates,"Hey, I just saw a Direct Debit attempt in my Revolut appp that I don’t recognise and I wanna stop it before anything else gets taken. The support steps I found don’t match my app tho, the interface looks different and I can’t find the mandate/merchant history anywhere — can you tell me where to check it and how to cancel it if needed?"
pt_crypto_curious,direct_debit_unrecognized,angry_after_waiting,"Tenho um Direct Debit que nao reconheco e preciso de parar isso agora antes que levem mais dinheiro, porque nao vou ficar aqui a esperar mais tempo. Onde vejo o mandate no Revolut appp, como confirmo o merchant e o historico, e como cancelo ja se for fraude?"
pt_crypto_curious,negative_balance_after_offline_payment,empty,"Hey, my Revolut balance went negative after a couple of card payments from a trip abroad showed up days later. Can you explain why this happens and tell me how I can check those transactions and top up to cover the negative balance if needed?"
pt_crypto_curious,negative_balance_after_offline_payment,poor_internet_connection,"Hey, my Revolut balance went negative after a couple card payments from a trip abroad only showed up days later 😕 The appp keeps failing on my connection so I cant see the details properly — can you explain why this happens with delayed/offline merchant processing and tell me how to check those transactions, top up to cover the negative balance, and what to do if one of them looks wrong?"
pt_crypto_curious,negative_balance_after_offline_payment,anxious_security_fear,"Hey, my Revolut balance went negative after a couple of card payments abroad only showed up days later and I’m kinda freaked out rn — is this normal or could my money/data be at risk? Can you pls explain why that happens, where I can check those txns, and how to top up fast to cover it, bc I need reassurance asap."
pt_crypto_curious,negative_balance_after_offline_payment,confused_by_app_updates,"Hey, my Revolut balance went negative after a couple of card payments from a trip abroad showed up days later, but the app looks different now and I cant find where to check these delayed transacções. Can you explain why this happens and where I can top up to cover the negative balance if needed?"
pt_crypto_curious,negative_balance_after_offline_payment,angry_after_waiting,"O meu saldo ficou negativo agora por causa de uns pagamentos de cartão feitos lá fora que só apareceram dias depois, e isto está a lixAR-me o tracking do dinheiro. Preciso já de uma explicação clara do pq aconteceu, como vejo essas transações atrasadas e o que faço pra cobrir o negativo sem me baralhar mais, porque se houver alguma cobrança errada quero falar com suporte imediatamente."
pt_crypto_curious,login_new_phone_number,empty,Mudei o meu nr de telemóvel e agora nao consigo fazer login no Revolut pq os códigos de verificação continuam a ir para o nr antigo. Como faço a recovery flow pra entrar com o novo número e atualizar os contactos da conta?
pt_crypto_curious,login_new_phone_number,poor_internet_connection,"Mudei o meu numero de telemóvel e agora nao consigo fazer login na Revolut appp porque os códigos continuam a ir para o numero antigo. A recovery flow para atualizar o contacto e confirmar a minha identidade está a falhar bué por causa da net instavel e as uploads/screens nao concluem, podem ajudar?"
pt_crypto_curious,login_new_phone_number,anxious_security_fear,"Mudei de telemóvel e o código de login continua a ir para o meu numero antigo, e agora tou bué preocupado pq posso ficar sem acesso à conta ou aos meus dados. Como faço o recovery flow para entrar com o novo number e confirmar a minha identidade? E pls diz-me se vão pedir mais verificacoes pq já nao tenho acesso ao old SIM/device, preciso mesmo de perceber se a minha conta tá segura."
pt_crypto_curious,login_new_phone_number,confused_by_app_updates,"Mudei de numero e agora nao consigo entrar na Revolut pq os codes continuam a ir para o numero antigo, mas a appp ta diferente das instrucoes que encontrei e nao consigo achar o recovery/login flow. Podem dizer-me exatamente onde ir para confirmar a minha identidade e atualizar o contacto, caso nao tenha acesso ao antigo SIM?"
pt_crypto_curious,login_new_phone_number,angry_after_waiting,"Changei de numero e agora nao consigo fazer login pq os codes continuam a ir para o old number, isto já está bué chato. Quero a recovery flow agora pra entrar com o novo numero e atualizar o contacto da conta, sem andar a perder mais tempo — se precisarem de verify extra, digam logo o que preciso fazer."
pt_crypto_curious,lost_passkey_device,empty,"Perdi o telemóvel onde tinha o passkey do Revolut e agora no novo phone não consigo fazer login. Podem ajudar-me a recuperar o acesso, remover/substituir esse passkey e verificar a minha identidade pelas steps de recovery?"
pt_crypto_curious,lost_passkey_device,poor_internet_connection,"Oi, perdi o telemóvel onde tinha o passkey da Revolut e agora no novo phone não consigo fazer login. A app fica a falhar com a net instável e não consigo completar a verificação nem remover esse passkey antigo — conseguem ajudar a recuperar o acesso e a proteger a conta caso o device antigo ainda esteja acessível por outra pessoa?"
pt_crypto_curious,lost_passkey_device,anxious_security_fear,"Perdi o telemovel onde tinha o passkey da Revolut e agora no new phone nao consigo autenticar de todo, estou bué preocupado pq o device antigo pode ainda estar com alguem. Podem ajudar-me a recuperar o acesso, remover/substituir esse passkey e dizer o que preciso fazer para proteger a conta e os meus dados?"
pt_crypto_curious,lost_passkey_device,confused_by_app_updates,"Hey, I had my Revolut passkey on a phone I lost/reset, and now I cant log in on my new one. The appp UI looks different from the help steps I found, so I cant find where to remove/replace the passkey or start login recovery — can you help me recover access and secure the account in case someone else still has that device?"
pt_crypto_curious,lost_passkey_device,angry_after_waiting,"Estou sem acesso à minha conta pq o passkey estava no telemóvel que perdi/resetei, e agora no novo phone nao consigo entrar de forma nenhuma. Tirem-me isso já, digam-me como recuperar acesso e, se o device antigo ainda puder ser usado por outra pessoa, removam esse passkey/securem a conta imediatamente, please."
pt_crypto_curious,mobile_verification_code_not_received,empty,"Estou a tentar fazer login no Revolut appp mas o código de verificação por SMS nunca chega. Já confirmei o numero e o country code, mas queria saber o que posso fazer tbm — se preciso de activar SMS/chamadas, desligar bloqueios, ou esperar antes de pedir outro código?"
pt_crypto_curious,mobile_verification_code_not_received,poor_internet_connection,"Estou a tentar fazer login/signup no Revolut appp mas o código de verificação por SMS nunca chega, e com a net instável a app fica a falhar nas screens/uploads tbm. Já confirmei o numero e o country code, mas podes ajudar a ver se há algum bloqueio no SMS/chamadas ou dizer quanto tempo devo esperar antes de pedir outro código?"
pt_crypto_curious,mobile_verification_code_not_received,anxious_security_fear,"Hey, I’m trying to log in/sign up but the Revolut code never arrives on my phone and I’m getting pretty anxious bc I need to make sure my money/data is safe. Can you pls help me check if my number format/country code is right, if my SIM can receive SMS/calls, and what to do if I wait and still don’t get the code?"
pt_crypto_curious,mobile_verification_code_not_received,confused_by_app_updates,"Estou a tentar entrar no Revolut appp mas o código de verificação por SMS nunca chega, e a interface tá diferente das instruções q encontrei, por isso nem consigo achar onde confirmar o número ou pedir outro code. Podem dizer-me onde ver o formato do número/country code e o q devo checkar para receber o SMS ou fazer recovery?"
pt_crypto_curious,mobile_verification_code_not_received,angry_after_waiting,"Estou a tentar fazer login e o código de verificação da Revolut nunca chega, já esperei bué e isto está a bloquear-me completamente. Vejam já o que se passa com o meu número/country code e digam-me como recebo o SMS ou call imediatamente, porque preciso mesmo de entrar na appp agora."
pt_crypto_curious,account_restricted_card_blocked,empty,"Hey, my Revolut account is suddenly restricted and card payments + transfers are failing, with the app saying my info is under review. Can you tell me what’s going on and if there’s anything I need to submit to unblock it?"
pt_crypto_curious,account_restricted_card_blocked,poor_internet_connection,"My Revolut appp says my info is under review and now card payments + transfers are blocked, but my screen keeps failing bc of bad internet lol. Can you tell me whats going on and if I need to resend any docs/details?"
pt_crypto_curious,account_restricted_card_blocked,anxious_security_fear,"Hey, my account is suddenly restricted and I’m kinda panicking — card payments and transfers are failing, and the app says my info is under review. Can you pls tell me if my money and data are safe, and what I need to send to get this fixed asap?"
pt_crypto_curious,account_restricted_card_blocked,confused_by_app_updates,"Hey, my Revolut appp is saying my info is under review and card payments + transfers are blocked, but the UI looks different from the help article I found so I cant even find where to upload the requested docs. Can you point me to the right place in the app and let me know if this restriction is just security/compliance review and if support can remove it or if I need to wait for the review to finish?"
pt_crypto_curious,account_restricted_card_blocked,angry_after_waiting,"Meu account ta restricted há bué tempo e agora card payments e transfers estão todos blocked, a app só diz que a minha info is under review — wtf is going on? Quero uma resposta clara e uma resolução imediata, pq já esperei demais; digam-me exatamente o que falta na app e o que tenho de enviar para isto ser desbloqueado já."
pt_crypto_curious,savings_withdrawal_pending,empty,"Boas, fiz um withdrawal do meu Savings account no Revolut appp mas ainda está pending e o dinheiro nao apareceu no saldo principal. Isto costuma demorar mais por causa do tipo de savings ou do timing? Onde e que consigo ver o status e se for fim de semana/feriado pode atrasar?"
pt_crypto_curious,savings_withdrawal_pending,poor_internet_connection,"Hey, I withdrew money from my Savings account on the revolut appp but its still pending and not showing in my main balance yet. My connection is kinda unstable so the screens keep failing lol — can you tell me where to check the status and if weekends/holidays can delay it?"
pt_crypto_curious,savings_withdrawal_pending,anxious_security_fear,"Fiz um withdrawal do Savings para a main balance e ainda está pending, e estou bué preocupado porque parece que o meu dinheiro ou dados podem estar em risco... é normal isto demorar? Onde vejo o status e se foi por ser weekend/holiday? Preciso de confirmação pq a appp não me está a dar paz, lol."
pt_crypto_curious,savings_withdrawal_pending,confused_by_app_updates,"Fiz um withdrawal das Savings pra balance principal mas ta still pending e nao vejo onde checkar o status no revolut appp, a interface ta diferente do que vi nas instrucoes lol. Isto pode demorar por causa do tipo de Savings ou se for fim de semana/feriado?"
pt_crypto_curious,savings_withdrawal_pending,angry_after_waiting,"Fiz withdrawal do Savings ha imenso tempo e o dinheiro ainda tá pending, sem aparecer no main balance — preciso de uma resposta clara agora, pq isto nao está fixe. Onde vejo o status exacto da withdrawal e quanto tempo mais isto pode demorar?"
pt_crypto_curious,pocket_bill_not_enough_money,empty,"Boas, um direct debit falhou porque o Bills Pocket nao tinha saldo suficiente. Como é que o Revolut processa estes pagamentos a partir do Pocket, e posso ajustar as transfers recorrentes para o manter sempre funded? Se precisar, tbm dá para mover o bill de volta para a conta principal e ver os próximos pagamentos antes de cair?"
pt_crypto_curious,pocket_bill_not_enough_money,poor_internet_connection,"O meu Bills Pocket ficou sem saldo e um direct debit/subscription falhou, e a appp tá a falhar com a net instavel lol. Como é que a Revolut trata estes pagamentos do Pocket, posso meter mais dinheiro ou ajustar os transfers recorrentes pra não voltar a acontecer, e dá para mover a bill de volta para a conta principal se preciso?"
pt_crypto_curious,pocket_bill_not_enough_money,anxious_security_fear,"Ola, uma bill from my Bills Pocket failed pq nao tinha saldo suficiente e estou bué preocupado se o dinheiro ou os meus dados ficam em risco. How does Revolut handle payments from a Pocket exactly, and how can I top it up or adjust the recurring transfer so isto nao aconteca outra vez?"
pt_crypto_curious,pocket_bill_not_enough_money,confused_by_app_updates,"Boas, tenho um Bills Pocket para subscrições e Direct Debits, mas uma conta falhou pq o Pocket nao tinha saldo suficiente. A app mudou e as instruções que encontrei nao batem certo, por isso nao consigo achar onde adicionar dinheiro, ajustar o transfer recorrente, nem ver os pagamentos futuros para o Pocket nao ficar vazio outra vez — podem ajudar?"
pt_crypto_curious,pocket_bill_not_enough_money,angry_after_waiting,"My Bills Pocket didnt have enough money and one subscription failed, wtf is Revolut actually doing here? I need a clear fix now: how do I top up the Pocket or change the recurring transfer, and can I move the bill back to my main account so it doesnt fail again?"
pt_crypto_curious,paid_plan_missed_payment,empty,"Hey, my paid Revolut plan payment failed and I’m not sure if I’m gonna lose the benefits or get charged any downgrade fee. Can you check my billing status, tell me how to add funds to cover the missed subscription, and what happens to the next payment date/plan end date if it stays unpaid?"
pt_crypto_curious,paid_plan_missed_payment,poor_internet_connection,"My paid plan payment failed and the appp keeps glitching with my bad connection, so I cant tell if I’m still on the plan or if I’ll get downgraded/charged fees. Can you check the billing status, how to add funds for the missed subscription, when the next payment/date end is, and what happens to partner benefits, insurance and plan cards if it stays unpaid?"
pt_crypto_curious,paid_plan_missed_payment,anxious_security_fear,"A minha mensalidade do plano falhou e estou bué preocupado, posso perder os beneficios ou levar downgrade fee? Podem confirmar o estado da billing, how to add funds pra pagar o valor em atraso, qual é a next payment date e o plan end date, e se o meu parceiro benefits, insurance e os plan cards ficam bloqueados se continuar por pagar? Estou mesmo nervoso, o meu money e dados estao em risco?"
pt_crypto_curious,paid_plan_missed_payment,confused_by_app_updates,"Hey, my paid plan payment failed and the app interface looks different from the steps I found, so I can’t find where to check the billing status or pay the missed subscription amount. Can you help me see the next payment date/plan end date and tell me if I’ll lose partner benefits, insurance or plan cards if it stays unpaid or gets downgraded?"
pt_crypto_curious,paid_plan_missed_payment,angry_after_waiting,"A minha subscrição paga falhou e eu já esperei bué por ajuda — preciso mesmo agora de saber o estado do billing, como meto fundos para pagar a mensalidade em atraso, quando é a próxima cobrança e qual é a data de fim do plano. Se continuar por pagar ou se fizer downgrade, o que acontece aos partner benefits, insurance e aos cartões do plano?"
pt_crypto_curious,referral_reward_missing,empty,"Hey, I invited a friend to Revolut but the referral reward still didnt show up. Can you check if the campaign was completed properly—like if they used my invite link, added money, ordered/activated the physical card if needed, and made the required purchases before the deadline?"
pt_crypto_curious,referral_reward_missing,poor_internet_connection,"Boas, convidei um amigo pelo invite da Revolut e estava à espera do referral reward, mas ainda nao caiu nada na conta. Podes checkar se a campanha foi cumprida direitinho — link certo, top up, card fisico ativado/encomendado e compras validas dentro do prazo? A minha net anda bué instavel e o appp falha nas screens/uploads, lol."
pt_crypto_curious,referral_reward_missing,anxious_security_fear,"Hey, I’m kinda stressed because my Revolut referral reward still hasn’t shown up and I’m worried something went wrong with my account or invite. Can you check if my friend used the right link, met all the conditions (top up, card activation/order, qualifying purchases before the deadline), and if there’s any issue or smaller reward instead?"
pt_crypto_curious,referral_reward_missing,confused_by_app_updates,"Hey, I invited a friend through Revolut and was expecting the referral bonus, but nada showed up yet. The app interface looks different from the instructions I found, so I can’t even find the referral/campaign details to check if my friend used the right invite link, added money, ordered/activated the physical card, and made the qualifying purchases before the deadline — can you help me see what’s missing?"
pt_crypto_curious,referral_reward_missing,angry_after_waiting,"Já esperei bué tempo por isto e continuo sem ver o referral reward creditado na minha conta. Podes verificar já se o meu amigo entrou pelo invite link certo, se cumpriu os requisitos da campanha (add money, pedir/ativar o cartão físico e fazer as compras qualificadas antes do deadline) e se há alguma exclusão ou reward mais baixo aplicado?"
pt_crypto_curious,travel_insurance_claim_documents,empty,"Hey, I had delayed baggage on a trip and want to start a travel insurance claim in the Revolut appp, but I’m not sure which docs I need. Can you tell me how to begin it in the insurance section and what proof is usually required like travel docs, airline delay confirmation, receipts, and any expenses, plus if the insurer can ask for more evidence later?"
pt_crypto_curious,travel_insurance_claim_documents,poor_internet_connection,"Hey, I’m trying to start a travel insurance claim for delayed baggage in the Revolut appp but the pages keep failing bc my connection is bad. Can you tell me exactly which docs I need to upload from the insurance section — like travel docs, receipts, baggage delay confirmation, airline report and proof of expenses — and if the insurer might ask for more evidence later?"
pt_crypto_curious,travel_insurance_claim_documents,anxious_security_fear,"Hey, I need to start a travel insurance claim for delayed baggage but I’m super anxious bc I’m not sure what docs are needed and if my data/money is safe while I do this. Can you tell me exactly where to open it in the insurance section and what I should upload pls?"
pt_crypto_curious,travel_insurance_claim_documents,confused_by_app_updates,"Hey, I’m trying to start a travel insurance claim for delayed baggage, but the app interface looks different from the steps I found and I can’t find the right section in the Revolut appp. Can you tell me where to open the claim and which docs I need to upload (travel docs, baggage delay confirmation, airline report, receipts/proof of expenses, etc.)?"
pt_crypto_curious,travel_insurance_claim_documents,angry_after_waiting,"Estou ha bué tempo à espera e preciso de uma resposta clara já: como é que inicio o claim de travel insurance no Revolut appp por baggage delay? Digam-me exatamente que docs preciso subir — boarding pass, receipts, airline delay confirmation, PIR/relatório da companhia e proof of extra expenses — e se o insurer ainda pode pedir mais provas antes de decidir se isto está covered."
pt_crypto_curious,airport_lounge_pass_issue,empty,"Comprei um airport lounge pass no Revolut appp mas no lounge dizem que nao conseguem scan e que parece inválido. Podem ajudar-me a encontrar o pass na app e confirmar airport, terminal, passenger details, date e terms of use? Queria tbm perceber se ainda dá para cancelar/refund e que proof devo guardar se eu nao consegui usar um pass valido."
pt_crypto_curious,airport_lounge_pass_issue,poor_internet_connection,"Hey, I bought a lounge pass in the Revolut appp for my flight but at the airport the staff said they couldnt scan it / its not valid. My internet is a bit unstable so the screens keep failing, but can you help me find the pass details in the app and check airport, terminal, passenger name, date and the terms? Also, can this be cancelled/refunded if I couldnt use a valid pass, and what proof should I collect if they refuse it again?"
pt_crypto_curious,airport_lounge_pass_issue,anxious_security_fear,"Comprei um airport lounge pass na Revolut e no lounge dizem que o QR/code nao é valido ou nao conseguem scanar, estou bué anxious pq parece que perdi dinheiro ou que algo está errado com os meus dados. Podes ajudar a encontrar o pass na app e confirmar aeroporto, terminal, passenger details, data e terms de use, e dizer se dá para cancelar/refund? Se o pass era válido mas nao me deixaram entrar, que evidence devo guardar?"
pt_crypto_curious,airport_lounge_pass_issue,confused_by_app_updates,"Comprei um airport lounge pass no Revolut appp mas agora a interface tá diferente do que vi nas instruções e não consigo encontrar o passe nem confirmar o aeroporto/terminal, data ou passenger details. No lounge disseram que o código nao lê ou que nao é válido — podem ajudar a localizar o pass, ver se dá para cancelar/refund, e dizer que proof devo guardar se o passe era válido mas nao consegui usar?"
pt_crypto_curious,airport_lounge_pass_issue,angry_after_waiting,"Comprei um airport lounge pass na Revolut appp e no lounge dizem que o QR/code nao funciona ou que nao é valido, já estou ha bué tempo nisto e preciso de uma resposta clara agora. Podem confirmar onde vejo o pass na app, o aeroporto/terminal, os dados do passageiro, a data e os terms, e dizer se isto pode ser cancelado/reembolsado? Se o pass era valido e mesmo assim nao consegui usar, que prova devo guardar?"
pt_crypto_curious,esim_activation_failed,empty,"Hey, I bought a Revolut eSIM data plan for a trip but it wont install/activate on my phone. Can you help me check if my device supports eSIM, if it needs to be unlocked, and what steps I should follow to get it working?"
pt_crypto_curious,esim_activation_failed,poor_internet_connection,"Comprei um eSIM data plan na Revolut appp para a viagem e ta a dar erro na instalação/ativação no meu phone, mas a net aqui ta super instavel e os screens falham lol. Podem ajudar a verificar se o device suporta eSIM, se o phone tem de estar unlocked e online, e se há algum passo especial para ativar roaming/mobile data e label the plan?"
pt_crypto_curious,esim_activation_failed,anxious_security_fear,"Hey, I bought a Revolut eSIM for my trip but it won’t install/activate on my phone and I’m kinda stressed bc it’s already paid and I’m worried I did something wrong or my data is at risk. Can you pls check if my device supports eSIM and tell me the exact steps to get it working (unlocked phone, internet connection, install steps, label the plan, enable roaming/mobile data), and what happens if I paid but still can’t use it?"
pt_crypto_curious,esim_activation_failed,confused_by_app_updates,"Hey, I bought a Revolut eSIM data plan for my trip but it won’t install/activate on my phone, and the app UI looks different from the steps I found so I can’t even find the right option anymore. Can you help me check if my device supports eSIM, if it needs to be unlocked/online, and where exactly to set it up, label it, and turn on roaming/mobile data?"
pt_crypto_curious,esim_activation_failed,angry_after_waiting,"Comprei um eSIM data plan no Revolut e agora nao instala nem ativa no meu telemovel, estou bué farto de esperar. Dizem-me de uma vez o que preciso fazer agora: confirmar se o device suporta eSIM, se o telefone esta desbloqueado, se tem internet, como instalar certo, dar label ao plano e ligar roaming/mobile data, pq se ja paguei e nao consigo usar quero uma solucao imediata."
pt_crypto_curious,crypto_withdrawal_pending,empty,"Hey, I withdrew crypto from Revolut to an external wallet and it’s still pending, but the address hasn’t received anything yet. Can you check if I picked the right network/address, if there were any limits or fees, and whether it’s waiting on confirmations or a security check?"
pt_crypto_curious,crypto_withdrawal_pending,poor_internet_connection,"Tenho uma withdraw de crypto a ficar pending no Revolut appp e a wallet de destino ainda não recebeu nada. A internet tá super instavel e as screens/ uploads falham, mas preciso de help para confirmar a network escolhida, o wallet address, limites/fees e se falta algum security check ou info do owner, pq não quero perder a transacção."
pt_crypto_curious,crypto_withdrawal_pending,anxious_security_fear,"Hey, I withdrew crypto from Revolut to an external wallet and it’s still pending, but the address hasn’t received anything yet — can you pls check if the selected network, wallet address, limits or fees were ok? I’m a bit stressed tbh, is there any extra owner info or security check that could be blocking it, and how long should blockchain confirmations take? If it fails or stays pending, what should I do?"
pt_crypto_curious,crypto_withdrawal_pending,confused_by_app_updates,"Fiz um withdrawal de crypto da Revolut para uma wallet externa e ainda está pending, mas a appp agora tá diferente do guia que encontrei e não consigo ver onde confirmo a network/address. Podem verificar se foi usada a rede certa, se há fees/limits ou algum security check extra, e o que devo fazer se continuar pending ou falhar?"
pt_crypto_curious,crypto_withdrawal_pending,angry_after_waiting,"Já esperei bué e a crypto withdrawal continua pending no Revolut appp, mas a wallet de destino ainda nao recebeu nada. Podes verificar já se a network, o address, limits/fees e se falta alguma security check ou info do dono da wallet, e dizer-me o que faço se isto falhar ou ficar preso?"
pt_crypto_curious,trading_order_pending,empty,"Hey, I placed a stock buy order in Revolut Trading but it’s still pending and the shares arent showing in my portfolio. Can you explain if this is because of market hours / order type / available cash / fractional shares / trading halt or sell-only restriction, and when it should actually execute or get cancelled?"
pt_crypto_curious,trading_order_pending,poor_internet_connection,"Hey, I placed a stock buy order in Revolut Trading but it’s still pending and the shares are not showing in my portfolio. My internet is kinda unstable and the app keeps failing screens/uploads lol — can you explain if this is due to market hours, order type, fractional shares, available cash, or maybe a trading halt/sell-only restriction?"
pt_crypto_curious,trading_order_pending,anxious_security_fear,"Hey, I placed a stock buy order in Revolut Trading but it’s still pending and the shares don’t show in my portfolio. Is this normal because of market hours, extended-hours limits, available cash or even a trading halt/sell-only restriction? I’m kinda anxious rn, can you pls reassure me my money/data is safe and explain why the order may still be waiting or get cancelled?"
pt_crypto_curious,trading_order_pending,confused_by_app_updates,"Hey, I placed a stock buy order in Revolut Trading but it’s still pending and the shares don’t show in my portfolio. The app UI looks different from the help article I found, so I can’t even find where to check if it’s waiting for market hours, order type, extended hours limits, available cash or if it got cancelled/restricted — can you help me figure out what’s going on?"
pt_crypto_curious,trading_order_pending,angry_after_waiting,"Why is my stock buy order still pending in Revolut Trading and the shares still not showing in my portfolio? I’ve waited long enough — need a clear answer now, is it market hours / extended-hours / cash / fractional share / trading halt issue, or did the order get stuck or cancelled?"
ua_crossborder_worker,identity_passport_upload,empty,"Добрый день, у меня временно ограничен аккаунт после проверки, в приложении просят паспорт, но я не могу найти где именно его загрузить. Подскажите, пожалуйста, как открыть этот запрос в app, сделать норм фото паспорта и отправить его securely, потому что карта уже не работает и мне нужно вернуть доступ, дякую."
ua_crossborder_worker,identity_passport_upload,poor_internet_connection,"Мій акаунт тимчасово обмежили, карта вже не працює, і app просить passport/ID, але я не можу знайти де саме завантажити документ — screens постійно злітають через поганий інтернет. Підкажіть, будь ласка, як відкрити цей in-app request і безпечно відправити фото паспорта, щоб ви могли швидше review і відновити доступ, дякую."
ua_crossborder_worker,identity_passport_upload,anxious_security_fear,"Мій акаунт тимчасово обмежили через перевірку, і в app просять паспорт, але я не можу знайти де саме завантажити документ. Card already не працює, я дуже хвилююсь за money і personal data — будь ласка, підкажіть як відкрити in-app request, правильно сфотографувати паспорт і куди безпечно відправити, дякую."
ua_crossborder_worker,identity_passport_upload,confused_by_app_updates,"Привіт, мій Revolut акаунт тимчасово обмежили і в app пише, що треба завантажити passport/ID, але інтерфейс зараз інший і я не можу знайти де саме відкрити цей request. Підкажіть, будь ласка, куди зайти на Android, як безпечно upload clear фото паспорта, і чи повернуть доступ після review?"
ua_crossborder_worker,identity_passport_upload,angry_after_waiting,"Why my Revolut account is limited and my card stopped working? The app says to upload my passport, but I can’t find where exactly to do it on Android — please tell me how to open the request, submit the document securely, and when my access will be restored, because I’ve already waited too long."
ua_crossborder_worker,proof_of_address_rejected,empty,"Hi, I tried to verify my address in Revolut but my proof of address got rejected, I uploaded an online bill screenshot and don’t understand why. Can you please tell me which documents are acceptable and check if my name and address need to match exactly and if the document must be recent/readable before I resubmit it?"
ua_crossborder_worker,proof_of_address_rejected,poor_internet_connection,"Привіт, я намагалася пройти verification adress в Revolut, але proof of address відхилили — я завантажила screenshot online bill, і не розумію чому. Підкажіть, будь ласка, які документи підійдуть, чи мають name і address точно збігатися з профілем, і як правильно resubmit через verification flow, бо в мене ще й інтернет нестабільний і upload sometimes fails."
ua_crossborder_worker,proof_of_address_rejected,anxious_security_fear,"My proof of address was rejected after I uploaded a screenshot of an online bill, and I’m really worried my data or account is at risk. Can you please tell me what documents are acceptable, how to make sure my name and address match my Revolut profile, and how I can resubmit it properly?"
ua_crossborder_worker,proof_of_address_rejected,confused_by_app_updates,"Я пыталась пройти verification address, но screenshot онлайн-счёта rejected, и я не понимаю почему. Подскажите, пожалуйста, какие документы accepted, где в app сейчас найти reupload/verification flow, потому что интерфейс у меня выглядит иначе, и как проверить, что name и adress совпадают с профилем?"
ua_crossborder_worker,proof_of_address_rejected,angry_after_waiting,"Мій proof of adress знову rejected, хоча я завантажила скрін онлайн-рахунку, і я вже дуже довго чекаю — скажіть чітко, який документ ви реально приймете і що саме не збігається з моїм профілем. Мені треба одразу перезавантажити нормальний документ через verification flow, бо це вже не ок."
ua_crossborder_worker,source_of_funds_review,empty,"Мені прийшов запит на docs по source of funds після кількох великих perevodiv, і я дуже хвилююсь, щоб account не закрили. Підкажіть, будь ласка, які саме документи ви можете попросити — salary slips, tax docs, bank statements, sale contract чи інші — і що вони мають чітко підтверджувати по цим transactions?"
ua_crossborder_worker,source_of_funds_review,poor_internet_connection,"Мені Revolut запросив документи по source of funds після кількох великих transfer, а я не розумію, що саме їм треба і чи не закриють account. Підкажіть, будь ласка, які доки можуть підійти — salary slips, tax docs, bank statements, sale contract або інший proof — і щоб вони clearly підтверджували ці transactions, бо upload на Android постійно зривається."
ua_crossborder_worker,source_of_funds_review,anxious_security_fear,"I got a source of funds request after a few large transfers and I’m really anxious now — can you please tell me exactly what documents you need and whether my account is at risk of being closed? I can provide salary slips, tax docs, bank statements or sale contract if needed, I just want clear guidance, дякую."
ua_crossborder_worker,source_of_funds_review,confused_by_app_updates,"Добрий день, мені прийшов запит на documents про source of funds після кількох великих transfers, і я переживаю що акаунт можуть закрити. Підкажіть, будь ласка, які саме докази вам потрібні — salary slips, tax docs, bank statements чи sale contract — і де в новому інтерфейсі це завантажити, бо в app я не можу знайти потрібний розділ."
ua_crossborder_worker,source_of_funds_review,angry_after_waiting,"Я уже слишком долго жду и просто хочу чітко зрозуміти, які саме docs вам нужны по source of funds, чтобы не закрыли account. Если это salary, tax docs, bank statements, sale contract или что-то другое — скажите прямо, какие proof подойдут и как они должны clearly match those transfers, мне нужен normal answer now."
ua_crossborder_worker,card_payment_declined_enough_funds,empty,"Привіт, today I tried to pay in a store with my Revolut card, but the payment was declined even though there is enough money on the account. Can you please check what could be blocking it in the app — card security, limits, frozen card, location or merchant restrictions — and tell me what I should change before trying again?"
ua_crossborder_worker,card_payment_declined_enough_funds,poor_internet_connection,"У меня в магазине declined по Revolut card, хотя денег на счёте достаточно. Можете проверить, что именно блокирует оплату — card security, limits, frozen card, location check или temporary security decline — и что я могу изменить в app before retrying?"
ua_crossborder_worker,card_payment_declined_enough_funds,anxious_security_fear,"Добрый день, оплата в магазине по Revolut card declined, хотя денег на счёте достаточно, и я очень переживаю за безпеку и свои данные. Можете, пожалуйста, проверить, не из-за security settings, лимитов, frozen card, location/PIN или temporary security decline это и что я могу изменить в app before retrying?"
ua_crossborder_worker,card_payment_declined_enough_funds,confused_by_app_updates,"Пытаюсь оплатить картой в магазине, но платежи отклоняются, хотя денег на счёте хватает. Подскажите, пожалуйста, что проверить в приложении — я смотрю по старой инструкции, но интерфейс уже другой и не могу найти нужные настройки, чтобы понять причину и что поменять перед новой попыткой."
ua_crossborder_worker,card_payment_declined_enough_funds,angry_after_waiting,"Why my Revolut card was declined in a store even though I have enough money? I need a clear answer now — please check if it’s card security, spending limit, frozen status, location restriction or merchant block, and tell me what I can change in the app right now before I try again."
ua_crossborder_worker,apple_pay_card_add_failed,empty,"Добрый день, не могу добавить Revolut card в Apple Pay — в Wallet during verification появляется ошибка. Подскажите, пожалуйста, что проверить: eligibility Apple Pay, обновление Revolut и iOS, активна ли карта и не заблокирована ли она, совпадает ли номер для кодов, и можно ли добавить карту снова из самого Revolut app, а не вручную?"
ua_crossborder_worker,apple_pay_card_add_failed,poor_internet_connection,"Не можу додати Revolut card в Apple Pay — під час verification у Wallet app з’являється помилка. Підкажіть, будь ласка, що перевірити: чи card eligible, чи треба оновити Revolut/iOS, чи карта active і not blocked, і чи краще додати її з app, а не вручну?"
ua_crossborder_worker,apple_pay_card_add_failed,anxious_security_fear,"Добрый день, не могу добавить Revolut card в Apple Pay — wallet показывает error during verification, и я переживаю, что это может быть связано с безопасностью моих данных. Пожалуйста, подскажите, что проверить: eligibility Apple Pay, app/iOS update, активна ли карта и не blocked ли она, правильный ли номер для codes, и нужно ли добавлять карту снова из самого Revolut app, а не вручную."
ua_crossborder_worker,apple_pay_card_add_failed,confused_by_app_updates,"Добрый день, не могу додати картку Revolut в Apple Pay — під час verification в Wallet app показує error. Інтерфейс у мене інший, ніж в інструкції, тому не можу знайти правильний пункт; підкажіть, будь ласка, де зараз перевірити eligibility і чи треба додавати картку з Revolut app, а не вручну?"
ua_crossborder_worker,apple_pay_card_add_failed,angry_after_waiting,"Чому я досі не можу додати Revolut card в Apple Pay, verification кидає error і я вже довго чекаю? Дайте, будь ласка, чітко що перевірити зараз: чи card active, чи не blocked, чи мій phone number для codes correct, і як додати її з app, а не вручну — мені треба нормальне рішення immediately."
ua_crossborder_worker,virtual_card_not_working,empty,"Привіт, я створила virtual card для онлайн-оплати, але merchant її відхиляє. Підкажіть, будь ласка, як перевірити, чи в мене звичайна virtual card чи single-use, чи enabled online transactions, і чи може проблема бути в billing address або тому, що цей merchant не підтримує такі cards?"
ua_crossborder_worker,virtual_card_not_working,poor_internet_connection,"Hi, I created a virtual card for an online purchase, but the merchant keeps rejecting it. Can you check if I’m using the right type of card (standard virtual vs single-use), whether online payments are enabled, and if there’s anything I should verify in billing adress/card details?"
ua_crossborder_worker,virtual_card_not_working,anxious_security_fear,"Привіт, я дуже хвилююсь — створила virtual card для онлайн-оплати, але merchant постійно відхиляє payment, і я боюся, що з грошима або даними щось не так. Підкажіть, будь ласка, як перевірити, чи це звичайна virtual card чи single-use, чи увімкнені online transactions, чи правильно я ввела billing adress і card details, і чи може merchant просто не приймати такі cards?"
ua_crossborder_worker,virtual_card_not_working,confused_by_app_updates,"Привіт, я створила virtual card для online purchase, але merchant постійно reject payment, і ще не можу знайти в app де перевірити чи це standard virtual card чи single-use, бо interface now looks different than in the instructions. Підкажіть, будь ласка, чи enabled online transactions, чи правильно я ввела billing address і card details, і чи може цей merchant не support такі virtual/disposable cards?"
ua_crossborder_worker,virtual_card_not_working,angry_after_waiting,"Мій virtual card для онлайн-покупки постійно reject merchant, я вже довго чекаю і це реально дратує. Поясніть зараз, будь ласка, чи це standard virtual card чи single-use, чи увімкнені online transactions, і чи billing adress та card details я ввела правильно — бо мені треба нормальне рішення immediately."
ua_crossborder_worker,lost_stolen_card_freeze,empty,"Я загубила physical Revolut card під час поїздки і переживаю, що хтось може нею скористатися. Підкажіть, будь ласка, як швидко freeze card в app, перевірити recent transactions і при потребі report fraudulent payments, а також чи можу одразу замовити replacement card на correct address і далі платити через virtual card або mobile wallet, поки чекаю нову."
ua_crossborder_worker,lost_stolen_card_freeze,poor_internet_connection,"Я загубила фізичну Revolut card під час поїздки і дуже хвилююсь, що хтось може нею скористатись. Підкажіть, please, як швидко freeze card в app, перевірити recent transactions і якщо треба report fraud та замовити replacement card на correct adress, бо в мене ще й інтернет нестабільний і все зависає."
ua_crossborder_worker,lost_stolen_card_freeze,anxious_security_fear,"Добрий день, я загубила physical Revolut card під час поїздки і дуже хвилююсь, що хтось може нею скористатись. Підкажіть, будь ласка, як терміново freeze card в app, перевірити recent transactions і якщо треба reported any fraudulent payments, а також як замовити replacement card на correct address, бо я зараз сильно переживаю за свої гроші і дані."
ua_crossborder_worker,lost_stolen_card_freeze,confused_by_app_updates,"Доброго дня, я загубила фізичну Revolut card під час поїздки і дуже переживаю, що її можуть використати. В app інтерфейс зараз виглядає інакше, ніж у ваших інструкціях, тому не можу знайти, де швидко freeze card, перевірити recent transactions, report fraud і замовити replacement card на correct address — підкажіть, будь ласка, що робити, і чи можу я поки користуватись virtual card або mobile wallet payment?"
ua_crossborder_worker,lost_stolen_card_freeze,angry_after_waiting,"Я уже долго жду, и моя физическая Revolut card потеряна в поездке — срочно подскажите, как ее freeze в app прямо сейчас, проверить последние transactions и report possible fraud. Если нужно, сразу хочу order replacement card на correct adress, и скажите, как дальше платить через virtual card или mobile wallet, пока жду новую карту."
ua_crossborder_worker,atm_withdrawal_pending,empty,"Добрый день, я снимала cash в ATM, но деньги не выдали, а в Revolut операция still pending. Это нормально, что ATM withdrawal может висеть pending, и сколько ждать update? Если нужно, подскажу location, date и amount — просто хочу понять, что делать дальше, дякую."
ua_crossborder_worker,atm_withdrawal_pending,poor_internet_connection,"Добрый день, я пыталась снять cash в ATM, но деньги не выдались, а в Revolut операция висит pending. Підкажіть, будь ласка, це нормально и сколько ждать? Если ATM потом спишет или completed without cash, я могу прислать location, date, amount и receipt, но сейчас у меня еще и интернет unstable, uploads fail."
ua_crossborder_worker,atm_withdrawal_pending,anxious_security_fear,"Добрый день, я пыталась снять cash в ATM, но деньги не выдались, а в Revolut операция всё ещё pending. Я очень переживаю, не потерялись ли деньги или мои данные в risk, подскажите, пожалуйста, это нормально и что мне делать дальше?"
ua_crossborder_worker,atm_withdrawal_pending,confused_by_app_updates,"Я зняла cash в ATM, але гроші не видали, а в Revolut операція висить як pending. Інтерфейс у додатку зараз інший, і я не можу знайти, куди саме це надіслати — підкажіть, будь ласка, що робити далі і чи треба просто чекати, поки статус оновиться?"
ua_crossborder_worker,atm_withdrawal_pending,angry_after_waiting,"Я уже дуже довго чекаю, і це реально злить: знімала готівку в ATM, гроші не видало, але в Revolut це висить як pending. Дайте чітко зараз — коли це буде скасовано або повернуто, бо я не збираюсь чекати ще невідомо скільки."
ua_crossborder_worker,card_refund_missing,empty,"Я вернула товар и мерчант сказал, что refund уже отправили, но в Revolut денег пока нет. Можете, please, проверить по original transaction, сколько обычно ждут card refund и когда уже надо писать merchant или обращаться в Revolut?"
ua_crossborder_worker,card_refund_missing,poor_internet_connection,"Добрый день, я вернула товар и мерчант сказал, что refund уже issued, но денег в Revolut балансе нет. Пожалуйста, помогите проверить original transaction и скажите, сколько обычно ждать, потому что у меня internet нестабильный, screens постоянно fail and I’m worried."
ua_crossborder_worker,card_refund_missing,anxious_security_fear,"I returned an item and the merchant says the refund was already issued, but I still don’t see it in my Revolut balance and I’m really worried my money or data is at risk. Can you please check the original card payment and tell me if this refund can still arrive later, or when I should ask the merchant for confirmation?"
ua_crossborder_worker,card_refund_missing,confused_by_app_updates,"Я повернула товар, merchant сказав, що refund already issued, але в Revolut грошей досі немає. У мене app зараз виглядає інакше, ніж у інструкції, тому не можу знайти, де перевірити цей card refund чи пов’язаний payment — підкажіть, будь ласка, що саме мені відкрити і коли вже треба писати merchant або support?"
ua_crossborder_worker,card_refund_missing,angry_after_waiting,"Де мій refund за повернений товар? Мерчант каже, що вже відправив, але гроші досі не з’явились у Revolut — скажіть чітко, де він завис і коли я маю ескалювати це далі, бо я вже занадто довго чекаю."
ua_crossborder_worker,chargeback_case_update,empty,"Привіт, я оспорила card payment, бо merchant так і не доставив товар, але вже довго немає жодного update по chargeback case. Підкажіть, будь ласка, як зараз іде dispute process, чи треба ще завантажити докази — receipt, tracking, листування з merchant або proof of cancellation — і коли можна чекати final outcome?"
ua_crossborder_worker,chargeback_case_update,poor_internet_connection,"Добрый день, я disputed card payment because merchant так и не delivered goods, но уже долго нет update по chargeback case. Можете please объяснить status и what evidence may still be needed — receipts, tracking, communication with merchant или proof of cancellation? У меня unstable internet и uploads часто fail, поэтому хочу понять, сколько ещё может занять process."
ua_crossborder_worker,chargeback_case_update,anxious_security_fear,"Я оскаржила card payment, потому что merchant так і не доставив товар, але вже довго немає ніякого update по chargeback case. Поясніть, будь ласка, як зараз йде process і чи можуть ще попросити receipt, tracking, листування з merchant або proof of cancellation, бо я дуже переживаю, що мої гроші чи дані під ризиком."
ua_crossborder_worker,chargeback_case_update,confused_by_app_updates,"Добрий день, я оскаржила card payment бо merchant не доставив товар, але в app зараз інший interface і я не можу знайти де дивитися status dispute. Підкажіть, будь ласка, як працює chargeback process і чи треба ще надати receipts, tracking, листування з merchant або proof of cancellation?"
ua_crossborder_worker,chargeback_case_update,angry_after_waiting,"Я уже слишком долго жду по dispute по card payment, а updates до сих пор нет — merchant так и не доставил goods, и мне нужен clear status прямо сейчас. Please объясните, на каком этапе chargeback case, какие evidence вам ещё нужны if any, и когда будет final decision, because this is taking forever."
ua_crossborder_worker,top_up_reverted,empty,"Добрий день, я зробила top up з debit card, баланс коротко збільшився, а потім операція reverted. Підкажіть, будь ласка, чому це могло статися і чи краще спробувати ще раз, зробити bank transfer, чи звернутися до мого card issuer?"
ua_crossborder_worker,top_up_reverted,poor_internet_connection,"Доброго дня, я поповнила Revolut дебетовою карткою, баланс на мить збільшився, а потім top-up сам скасувався. Підкажіть, будь ласка, чому так сталося і чи краще спробувати ще раз, зробити bank transfer, чи звертатись до банку-емітента картки?"
ua_crossborder_worker,top_up_reverted,anxious_security_fear,"Добрий день, я дуже переживаю: поповнила Revolut дебетовою карткою, баланс на мить збільшився, а потім топ-ап скасувався назад. Підкажіть, будь ласка, чому це могло статись — через відмову/реверс з боку банку, проблеми з авторизацією або тип картки — і чи безпечно пробувати ще раз, чи краще робити bank transfer? Дякую, мені важливо зрозуміти, що з моїми грошима і даними все ок."
ua_crossborder_worker,top_up_reverted,confused_by_app_updates,"I topped up my Revolut with a debit card, the balance showed for a moment and then the deposit was reverted. The app looks different from the guide I found, so I can’t find where to check what happened — can you tell me if this was declined by my card issuer or if I should try bank transfer instead?"
ua_crossborder_worker,top_up_reverted,angry_after_waiting,"Чому мій top up з debit card спочатку з’явився в балансі, а потім був reverted? Я вже довго чекаю, це дуже дратує — скажіть чітко, чи це decline від мого card issuer, problem з authentication, чи картка не підходить, і чи мені треба retry, робити bank transfer або одразу дзвонити в банк?"
ua_crossborder_worker,bank_transfer_pending_inbound,empty,"Добрый день, я жду incoming bank transfer в Revolut, но он всё ещё pending / не появился, хотя отправитель говорит, что деньги уже sent. Можете проверить, были ли использованы correct account details и подходит ли такой transfer type/currency, и что нужно для trace, если он не придёт сегодня?"
ua_crossborder_worker,bank_transfer_pending_inbound,poor_internet_connection,"Добрий день, я чекаю на вхідний bank transfer в Revolut, але він все ще pending / не зʼявився, хоча відправник каже, що гроші вже sent. Можете, будь ласка, перевірити, чи були використані правильні local або international details, чи підтримується цей currency/transfer type, і що вам потрібно для trace, якщо він не дійде вчасно?"
ua_crossborder_worker,bank_transfer_pending_inbound,anxious_security_fear,"Добрий день, я дуже хвилююсь: sender says the bank transfer was sent, але в Revolut він still pending або взагалі не видно. Можете, будь ласка, перевірити чи були використані правильні local/international details, чи підтримується ця currency/type transfer, і що вам треба для tracing, якщо гроші не arrive today?"
ua_crossborder_worker,bank_transfer_pending_inbound,confused_by_app_updates,"Добрий день, я чекаю на bank transfer в Revolut, але він досі pending/missing, хоча відправник каже, що гроші вже sent. Підкажіть, будь ласка, де в новому інтерфейсі знайти правильні account details для trace, бо інструкція не збігається з тим, що бачу в app, і хочу перевірити чи були використані correct local/international details та чи потрібні дані від intermediary bank."
ua_crossborder_worker,bank_transfer_pending_inbound,angry_after_waiting,"Де мій bank transfer? Відправник каже, що гроші вже sent, а в Revolut все ще pending або взагалі нема, я вже довго чекаю і хочу негайно зрозуміти, чи були використані правильні local/international details, чи цей currency і тип transfer підтримуються, і що вам треба для trace, якщо він не з’явиться сьогодні."
ua_crossborder_worker,wrong_revolut_recipient_transfer,empty,"Добрый день, я случайно отправила perevod не тому Revolut-клиенту, выбрала неправильный contact/Revtag. Подскажите, можно ли его отменить, как связаться с получателем чтобы попросить вернуть деньги, и что делать если он не отвечает? Также, пожалуйста, подскажите как в будущем лучше проверять реквизиты перед подтверждением, чтобы не повторить ошибку."
ua_crossborder_worker,wrong_revolut_recipient_transfer,poor_internet_connection,"Я случайно отправила money не тому Revolut customer, выбрала wrong contact/Revtag, и теперь не понимаю, можно ли отменить этот perevod. Подскажите, как contact recipient to ask for refund, what to do if they don’t respond, и как правильно проверять details before confirm next time — у меня ещё интернет unstable, app screens sometimes fail, дякую."
ua_crossborder_worker,wrong_revolut_recipient_transfer,anxious_security_fear,"Я случайно отправила perevod не тому Revolut клиенту, выбрала неправильный contact/Revtag, и очень переживаю — можно ли его отменить сейчас? Пожалуйста, подскажите, как связаться с получателем, что делать если он не вернёт деньги, и как в будущем проверять реквизиты перед подтверждением, потому что я боюсь за свои деньги и данные."
ua_crossborder_worker,wrong_revolut_recipient_transfer,confused_by_app_updates,"Я accidentally sent perevod не тому Revolut customer — выбрала wrong contact/Revtag, и теперь не понимаю, можно ли его cancel. В приложении интерфейс другой, чем в инструкциях, и я не могу найти, как contact recipient или report this if they don’t return the money; please explain how to do it and how to check details before confirming next time."
ua_crossborder_worker,wrong_revolut_recipient_transfer,angry_after_waiting,"Я случайно отправила perevod не тому Revolut-клієнту через неправильний contact/Revtag, и уже долго жду ответа. Срочно скажіть, чи можна це скасувати, як зв’язатися з отримувачем щоб попросити повернути гроші, і що робити, якщо він не відповість — мені потрібне чітке рішення прямо зараз, дякую."
ua_crossborder_worker,bank_transfer_extra_info_request,empty,"Добрый день, я сделала bank transfer, а он теперь в review и Revolut просит extra info, но я не понимаю, почему это нужно. Підкажіть, будь ласка, что именно лучше указать — purpose of payment, relationship to recipient, invoice или contract — чтобы review прошёл быстрее?"
ua_crossborder_worker,bank_transfer_extra_info_request,poor_internet_connection,"Добрий день, я отправила bank transfer, а теперь Revolut просит extra information по нему, но у меня всё зависает и upload с телефона не проходит. Подскажите, пожалуйста, что именно нужно указать — purpose of payment, relationship to recipient, invoice/contract or ещё что-то — чтобы review прошёл быстрее?"
ua_crossborder_worker,bank_transfer_extra_info_request,anxious_security_fear,"Hello, Revolut asked for more info about my bank transfer before processing it, and I’m really worried — is my money or personal data at risk? Please tell me exactly what details you need (purpose, relationship to recipient, invoice/contract, etc.) so I can send everything правильно and help the review move faster, ok?"
ua_crossborder_worker,bank_transfer_extra_info_request,confused_by_app_updates,"Привет, у меня bank transfer сейчас на review, и Revolut просит доп. info, но интерфейс в app changed и я не могу найти, куда именно загрузить данные. Подскажите, пожалуйста, что именно нужно указать — purpose of payment, relationship to recipient, invoice/contract?"
ua_crossborder_worker,bank_transfer_extra_info_request,angry_after_waiting,"Why is this perevod still under review after so long? Tell me exactly what info you need from me now — purpose of payment, relation to recipient, invoice or contract — and how I can send it immediately so this can be processed today."
ua_crossborder_worker,scheduled_payment_insufficient_funds,empty,"Добрый день, я настроила scheduled transfer, но в назначенное время он не прошёл из-за недостатка средств на счёте. Подскажите, пожалуйста, почему платёж не ушёл, как пополнить баланс и retry или создать новый scheduled payment, и как потом редактировать или отменить будущие переводы, чтобы такого больше не было?"
ua_crossborder_worker,scheduled_payment_insufficient_funds,poor_internet_connection,"Запланированный perevod не ушёл, потому что на счёте в тот момент не хватило денег, и я не понимаю, как его теперь повторить или создать заново. Подскажите, пожалуйста, как пополнить нужную валюту и отменить/изменить будущие scheduled transfers, чтобы такое больше не повторялось?"
ua_crossborder_worker,scheduled_payment_insufficient_funds,anxious_security_fear,"Добрий день, я дуже переживаю: запланований perevod не пройшов, і я боюся, чи не сталося щось з моїм акаунтом або даними. Підкажіть, будь ласка, чому платіж не пішов через нестачу коштів, як швидко поповнити баланс і повторити його або створити новий, а також як змінити чи скасувати майбутні scheduled transfers, щоб це більше не повторювалось?"
ua_crossborder_worker,scheduled_payment_insufficient_funds,confused_by_app_updates,"Добрый день, у мене не пройшов scheduled transfer, бо на той момент не було enough funds, але я не можу знайти в app де тепер retry або створити новий payment — інтерфейс виглядає інакше, ніж в інструкції. Підкажіть, будь ласка, як поповнити баланс у потрібній валюті, скасувати або змінити future scheduled transfers, щоб це не повторилось?"
ua_crossborder_worker,scheduled_payment_insufficient_funds,angry_after_waiting,"Why my scheduled transfer failed if it was set правильно? I need to know how to add money now and retry it immediately, or cancel/edit the future ones, because I’m tired of waiting and need a clear fix right now."
ua_crossborder_worker,direct_debit_unrecognized,empty,"У меня в Revolut появился Direct Debit, который я не узнаю, и я хочу остановить его, пока не списали деньги. Пожалуйста, подскажите, где в app посмотреть мандат, имя merchant и историю платежей, и как cancel этот direct debit, если он подозрительный или уже был fraudulently set up."
ua_crossborder_worker,direct_debit_unrecognized,poor_internet_connection,"Hi, I вижу в Revolut непонятный Direct Debit attempt and хочу остановить его before more money is taken. Please help me find the mandate in the app, check the merchant name/payment history, and cancel it if needed — connection is bad, so screens keep failing and I’m getting worried."
ua_crossborder_worker,direct_debit_unrecognized,anxious_security_fear,"Добрый день, я увидела в Revolut незнакомый Direct Debit и очень переживаю, что это может быть fraud и мои данные/деньги под риском. Пожалуйста, подскажите, где в app найти этот mandate, проверить merchant name и history, и как immediately cancel it, если нужно; если money already taken, что мне делать?"
ua_crossborder_worker,direct_debit_unrecognized,confused_by_app_updates,"У меня в Revolut появился Direct Debit, который я не узнаю, и я хочу остановить его до следующего списания. Но интерфейс в приложении сейчас другой, чем в инструкции, и я не могу найти где посмотреть мандат, merchant name и отменить его — подскажите, пожалуйста, где это в новой версии и что делать, если уже списали деньги или мандат был создан без моего согласия?"
ua_crossborder_worker,direct_debit_unrecognized,angry_after_waiting,"У мене в Revolut з’явився Direct Debit, який я не визнаю, і я хочу зупинити його негайно, поки з мене ще не списали гроші. Покажіть, будь ласка, як знайти мандат, перевірити merchant name і history, і як одразу cancel це, якщо треба — якщо вже списало або це fraud, скажіть чітко що робити, бо я вже довго чекаю і це терміново."
ua_crossborder_worker,negative_balance_after_offline_payment,empty,"Добрий день, у мене Revolut баланс став negative після того, як кілька card payments за кордоном пройшли з затримкою через кілька днів. Підкажіть, будь ласка, чому так сталося і що мені зробити, щоб review transactions, поповнити рахунок і перевірити, чи немає помилкової payment, дякую."
ua_crossborder_worker,negative_balance_after_offline_payment,poor_internet_connection,"Можете пояснити, чому мій Revolut balance став negative після кількох card payments, які я робила abroad кілька днів тому? Інтернет зараз нестабільний, екран постійно зависає, але бачу, що транзакції зайшли пізніше — що мені перевірити, щоб додати money і закрити minus, і як contact support, якщо якась payment виглядає wrong?"
ua_crossborder_worker,negative_balance_after_offline_payment,anxious_security_fear,"Добрый день, у меня в Revolut баланс стал минусовой после того, как несколько card payments, которые я делала за границей, прошли только через несколько дней. Я очень переживаю, это нормально? Please explain why так могло случиться, как проверить эти transactions и как quickly пополнить счёт, потому что мне кажется, что деньги или данные могут быть at risk."
ua_crossborder_worker,negative_balance_after_offline_payment,confused_by_app_updates,"Добрий день, у мене Revolut balance став negative після кількох card payments, які пройшли через кілька днів після покупки за кордоном, і я не розумію чому так сталося. В новому інтерфейсі я не можу знайти, де подивитися ці delayed transactions і як quickly add money, щоб покрити мінус — підкажіть, будь ласка."
ua_crossborder_worker,negative_balance_after_offline_payment,angry_after_waiting,"Чому у мене Revolut пішов у мінус після кількох card payments, які були зроблені ще дні тому за кордоном?! Це вже не ок, я хочу зараз нормальне пояснення і що мені терміново робити, щоб закрити negative balance."
ua_crossborder_worker,login_new_phone_number,empty,"I changed my phone number and now I can’t log in to Revolut because the verification code still goes to my old number. Please help me recover the account with my new number and tell me what identity check or extra verification I need to do, since I no longer have access to the old SIM/device."
ua_crossborder_worker,login_new_phone_number,poor_internet_connection,"Добрый день, я змінила номер телефона и тепер не могу зайти в Revolut, потому что codes все еще идут на старый номер, а у меня уже нет доступа к old SIM. Підскажіть, будь ласка, як пройти recovery flow на новий номер і подтвердить identity, бо через unstable internet screens/uploads sometimes fail, і я worried что не смогу update contact details."
ua_crossborder_worker,login_new_phone_number,anxious_security_fear,"Доброго дня, я змінила номер телефону і тепер не можу зайти в Revolut — коди все ще йдуть на старий номер, до якого вже немає доступу. Будь ласка, допоможіть з recovery flow, щоб я могла підтвердити особу, оновити contact details і зрозуміти, чи потрібна ще додаткова verification, бо я дуже хвилююся за свої гроші та дані."
ua_crossborder_worker,login_new_phone_number,confused_by_app_updates,"Доброго дня, я змінила номер телефону і не можу зайти в Revolut, бо коди все ще йдуть на старий number. Інтерфейс у мене зараз виглядає інакше, ніж в інструкціях, тому я не можу знайти recovery/login flow для нового номера — підкажіть, будь ласка, як пройти підтвердження особи і оновити контактні дані, якщо старої SIM вже немає."
ua_crossborder_worker,login_new_phone_number,angry_after_waiting,"I changed my phone number and now I can’t log in because the verification codes still go to my old SIM, this is taking too long and I need a clear way to recover my account now. Please help me update the contact details and tell me exactly what identity verification you need if I don’t have access to the old number anymore."
ua_crossborder_worker,lost_passkey_device,empty,"I lost my old phone where the Revolut passkey was saved, and now I can’t log in on my new Android. Please help me recover account access and remove/replace that passkey if needed, because I’m worried someone could still get into the old device."
ua_crossborder_worker,lost_passkey_device,poor_internet_connection,"I lost the phone where my Revolut passkey was saved, and after factory reset I can’t log in on my new Android. The recovery screens keep failing because my internet is unstable, so please help me remove/replace the unavailable passkey, verify my identity another way, and secure the account in case someone still has access to the old device."
ua_crossborder_worker,lost_passkey_device,anxious_security_fear,"Мій Revolut passkey був на телефоні, який загубився/скинувся до factory reset, і зараз я не можу увійти з нового Android. Будь ласка, допоможіть відновити доступ, прибрати або замінити цей недоступний passkey, і скажіть, як швидко захистити акаунт, бо я дуже переживаю за гроші й дані — чи є ризик, що хтось ще може зайти?"
ua_crossborder_worker,lost_passkey_device,confused_by_app_updates,"I lost the phone where my Revolut passkey was saved, and after moving to a new Android I can’t log in because the app looks different from the help steps I found. Please tell me how to recover access, remove or replace the unavailable passkey, and secure my account if that old device could still be used by someone else."
ua_crossborder_worker,lost_passkey_device,angry_after_waiting,"Я вже давно жду і не можу зайти в Revolut після втрати/сброса телефона, бо passkey був тільки на тому device. Пожалуйста, помогите срочно восстановить доступ, убрать этот недоступный passkey и подтвердить identity через login recovery, бо если старый телефон у когось есть — я хочу сразу secure account."
ua_crossborder_worker,mobile_verification_code_not_received,empty,"Добрый день, я пытаюсь войти в Revolut, но код подтверждения на телефон не приходит. Пожалуйста, подскажите, что проверить по номеру и country code, и что делать дальше, если SMS/звонок всё равно не arrives."
ua_crossborder_worker,mobile_verification_code_not_received,poor_internet_connection,"Не приходить mobile verification code для входу/Revolut sign up, вже кілька разів пробувала, але SMS не доходить. Підкажіть, будь ласка, що перевірити по country code/номеру, SIM і blocking на Android, бо інтернет нестабільний і все зависає; ок if є recovery option чи in-app support."
ua_crossborder_worker,mobile_verification_code_not_received,anxious_security_fear,"I’m trying to log in on Android, but the Revolut SMS code never приходит, and I’m really anxious that my money or data may be at risk. Please help me check if my phone number format/country code is correct and what to do next, because I’ve already waited and I keep worrying."
ua_crossborder_worker,mobile_verification_code_not_received,confused_by_app_updates,"Добрий день, не приходить mobile verification code для входу/реєстрації в Revolut, а в app interface все вже виглядає інакше, ніж у інструкції, тому я не можу знайти де це перевірити. Підкажіть, будь ласка, як правильно перевірити номер з country code і що ще зробити, якщо SMS або call code так і не приходить?"
ua_crossborder_worker,mobile_verification_code_not_received,angry_after_waiting,"Я уже давно жду и код Revolut на телефон так и не приходит, это просто не норм. Пожалуйста, срочно скажите, что проверить в номере/коде страны и как быстро решить это, иначе я не могу войти вообще."
ua_crossborder_worker,account_restricted_card_blocked,empty,"Добрый день, у меня в Revolut account все операции suddenly blocked: card payments fail, transfers не проходят, и в app пишет that my information is under review. Пожалуйста, explain what exactly is needed from me and where я могу загрузить missing documents, потому что мне срочно нужен доступ для rent и переводов семье, дякую."
ua_crossborder_worker,account_restricted_card_blocked,poor_internet_connection,"Добрый день, у меня в Revolut аккаунт под restriction: карта не проходит, переводы blocked, а в app пишет что my info is under review. У меня ещё интернет нестабильный, экраны и uploads с документами часто fail, поэтому не понимаю, что именно нужно сделать, можете объяснить почему это ограничение и что я должна submit, дякую."
ua_crossborder_worker,account_restricted_card_blocked,anxious_security_fear,"Мій Revolut акаунт раптово restricted, картка не проходить і transfers теж blocked, в app пише що info under review. Я дуже хвилююсь, чи в безпеці мої гроші і personal data — please explain what саме відбувається і чи треба мені ще щось надіслати, бо хочу щоб це вирішили якнайшвидше, дякую."
ua_crossborder_worker,account_restricted_card_blocked,confused_by_app_updates,"Доброго дня, у мене акаунт виглядає restricted: картка не проходить, transfer теж blocked, і в app пише що info under review. Я прочитала інструкції, але інтерфейс у мене вже інший і я не можу знайти, де саме переглянути запит на документи або додати missing details — підкажіть, будь ласка, що робити далі?"
ua_crossborder_worker,account_restricted_card_blocked,angry_after_waiting,"Чому мій Revolut акаунт досі restricted? Уже довго не можу платити карткою і відправляти transfers, а в app лише пише, що інформація under review — дайте чітко, що саме треба з мене зараз і коли це буде вирішено, бо це вже ненормально."
ua_crossborder_worker,savings_withdrawal_pending,empty,"Hi, I withdrew money from my Revolut Savings account, but it’s still pending and not showing in my main balance yet. Can you please check what’s happening and tell me how long Savings withdrawals usually take, especially if weekends or holidays can delay it?"
ua_crossborder_worker,savings_withdrawal_pending,poor_internet_connection,"Hi, I withdrew money from my Savings account but it’s still pending and not showing in my main balance. Can you please check what’s happening and tell me where to see the withdrawal status? My internet is unstable, so I’m a bit frustrated because the app keeps failing to load, дякую."
ua_crossborder_worker,savings_withdrawal_pending,anxious_security_fear,"Я вывела деньги из Savings, но withdrawal всё ещё pending и в main balance их нет — please tell me if this is normal и когда funds станут available. Я очень переживаю, деньги точно не потерялись и мои data в безопасности?"
ua_crossborder_worker,savings_withdrawal_pending,confused_by_app_updates,"Я зробила withdrawal з Savings, але гроші досі pending і не з’явились в main balance. У мене ще й інтерфейс в app змінився, тому не можу знайти де подивитись статус цього withdrawal — підкажіть, будь ласка, де це зараз в Revolut і чи можуть вихідні/свято затримати доступність funds?"
ua_crossborder_worker,savings_withdrawal_pending,angry_after_waiting,"Я уже давно жду, а withdrawal из Savings всё ещё pending и деньги не появились в main balance — это вообще нормально? Скажите прямо, где посмотреть status и когда funds станут available, потому что мне нужен clear answer now, а не “подождите ещё”."
ua_crossborder_worker,pocket_bill_not_enough_money,empty,"Привіт, у мене не пройшла оплата по Bill із Pocket, бо там не вистачило грошей. Підкажіть, будь ласка, як у Revolut працюють payments from Pocket, як краще поповнити його або налаштувати recurring transfer, і чи можна повернути цей bill на main account, якщо треба?"
ua_crossborder_worker,pocket_bill_not_enough_money,poor_internet_connection,"Привіт, у мене не пройшов bill payment з Bills Pocket, бо там не вистачило грошей, і я не до кінця розумію, як Revolut списує subscriptions/Direct Debits з цього Pocket. Підкажіть, будь ласка, як швидко поповнити Pocket або змінити recurring transfer, і чи можна повернути цей bill на main account, якщо потрібно, бо в мене ще й зв’язок нестабільний і екран інколи падає."
ua_crossborder_worker,pocket_bill_not_enough_money,anxious_security_fear,"Добрый день, у меня bill из Pocket не прошел из-за нехватки денег, и я очень переживаю — мои деньги и данные в безопасности? Подскажите, please, как Revolut обрабатывает такие payments from Pocket, как добавить туда деньги или изменить recurring transfer, и как вернуть bill на main account if needed."
ua_crossborder_worker,pocket_bill_not_enough_money,confused_by_app_updates,"Добрый день, у меня в Bills Pocket не хватило денег и один bill не прошёл, а интерфейс в приложении сейчас другой, чем в инструкции — я не могу найти, где посмотреть upcoming payments и как правильно пополнить Pocket или вернуть оплату на основной счёт. Можете, пожалуйста, подсказать, как Revolut сейчас проводит такие bill payments from Pocket и где это настроить?"
ua_crossborder_worker,pocket_bill_not_enough_money,angry_after_waiting,"Чому мій bill з Bills Pocket не пройшов, бо там не вистачило грошей? Мені треба вже зараз зрозуміти, як Revolut списує Direct Debits з Pocket, як швидко додати туди money або змінити recurring transfer, і чи можна повернути цей bill на main account, бо я не можу чекати далі."
ua_crossborder_worker,paid_plan_missed_payment,empty,"Добрый день, у меня не прошла оплата платного плана Revolut, и я переживаю, чтобы не потерять benefits или не получить downgrade fee. Подскажите, пожалуйста, какой сейчас статус биллинга, как добавить funds для пропущенной оплаты, когда будет следующая попытка списания и что будет с partner benefits, insurance и plan cards, если подписка останется unpaid или план downgraded?"
ua_crossborder_worker,paid_plan_missed_payment,poor_internet_connection,"Платёж за мой paid Revolut plan не прошёл, и я переживаю, что потеряю benefits или будет downgrade fee. Пожалуйста, проверьте статус billing, подскажите как добавить funds to pay missed subscription amount и какой next payment date / plan end date, потому что у меня ещё screens и uploades fail из‑за плохого интернета."
ua_crossborder_worker,paid_plan_missed_payment,anxious_security_fear,"Hi, my paid Revolut plan payment failed and I’m really worried I could lose the benefits or get charged extra fees — can you please check the billing status and tell me how to add funds to cover the missed subscription payment? I also need to know the next payment date, when my plan will end if it stays unpaid, and what happens to partner benefits, insurance, and plan cards, because I’m anxious if my money or personal data could be at risk."
ua_crossborder_worker,paid_plan_missed_payment,confused_by_app_updates,"Добрий день, у мене не пройшла оплата paid plan, і я переживаю, щоб не втратити benefits або не отримати downgrade fee. В app інтерфейс зараз виглядає по-іншому, я не можу знайти де перевірити billing status, додати funds для missed subscription amount, і побачити next payment date та plan end date — підкажіть, будь ласка, що буде з partner benefits, insurance і plan cards, якщо платіж ще не списаний."
ua_crossborder_worker,paid_plan_missed_payment,angry_after_waiting,"My paid Revolut plan payment failed and I’m already waiting too long — please tell me right now what the billing status is, how I can add funds to cover the missed subscription amount, and when the next payment date and plan end date are. I also need to know immediately what happens to partner benefits, insurance, and my plan card if it stays unpaid or gets downgraded."
ua_crossborder_worker,referral_reward_missing,empty,"Здравствуйте, я пригласила friend в Revolut по реферальной ссылке, но reward так и не начислили. Можете, пожалуйста, проверить, выполнил ли он все условия кампании — правильный invite link, пополнение, activation физической карты если нужно, и покупки до deadline?"
ua_crossborder_worker,referral_reward_missing,poor_internet_connection,"Привіт, я запросила friend в Revolut по рефералці, але reward досі не нарахований. Можете, будь ласка, перевірити, чи були виконані всі умови campaign — правильний invite link, поповнення, замовлення/активація physical card, потрібні purchases до дедлайну, і чи немає якихось exclusions або меншего reward?"
ua_crossborder_worker,referral_reward_missing,anxious_security_fear,"Здравствуйте, я очень переживаю: я пригласила подругу в Revolut, но referral reward так и не пришёл, и я боюсь, что что-то с моим аккаунтом или данными не так. Можете, пожалуйста, проверить, выполнила ли она все условия кампании — правильная invite link, пополнение, заказ/активация физической карты и нужные покупки до дедлайна, а также нет ли каких-то exclusions или меньшей суммы reward?"
ua_crossborder_worker,referral_reward_missing,confused_by_app_updates,"Привіт, я запросила подругу по реферальному лінку і чекала reward, але він досі не нарахований. Підкажіть, будь ласка, чи все було виконано правильно — вона точно sign up по моєму invite, поповнила рахунок, і я не можу зараз знайти в новому інтерфейсі, де перевірити умови кампанії та статус, дякую."
ua_crossborder_worker,referral_reward_missing,angry_after_waiting,"Я вже давно чекаю на цю referral reward, а вона досі не зарахована — перевірте, будь ласка, чи друг зареєструвався саме по моєму invite link, поповнив акаунт, виконав потрібні покупки до дедлайну і чи не було якихось exclusions. Мені потрібна чітка відповідь зараз: чому reward не прийшов і коли ви його зарахуєте?"
ua_crossborder_worker,travel_insurance_claim_documents,empty,"I had delayed baggage on a trip and want to start a Revolut travel insurance claim, but I’m not sure which documents I need. Can you please tell me how to begin it in the insurance section and what proof to upload, like travel docs, receipts, airline report, and any expenses?"
ua_crossborder_worker,travel_insurance_claim_documents,poor_internet_connection,"I want to make a travel insurance claim for delayed baggage, but my internet keeps failing and the upload screen is not working нормально. Please tell me exactly how to start the claim in Revolut and which documents I need to collect first (travel docs, receipts, baggage delay confirmation, airline report, proof of expenses), because I’m worried I’ll miss something."
ua_crossborder_worker,travel_insurance_claim_documents,anxious_security_fear,"Добрий день, я дуже переживаю, бо багаж затримали і я боюся, що ще й дані/гроші можуть бути під ризиком. Підкажіть, будь ласка, як правильно почати claim у insurance section Revolut і які саме документи треба зібрати — travel docs, receipts, baggage delay confirmation, airline report, proof of expenses?"
ua_crossborder_worker,travel_insurance_claim_documents,confused_by_app_updates,"Добрий день, я хочу подати claim по travel insurance за delayed baggage, але в моєму app інтерфейс виглядає інакше, ніж в інструкції, і я не можу знайти де почати. Підкажіть, будь ласка, з якого розділу це робиться в Revolut і які документи треба одразу підготувати?"
ua_crossborder_worker,travel_insurance_claim_documents,angry_after_waiting,"Я вже довго чекаю, і це просто бісить — хочу зараз подати claim по travel insurance через delayed baggage, але не розумію, які саме документи потрібні і де це почати в app. Будь ласка, чітко скажіть, що завантажити: travel docs, receipts, baggage delay confirmation, airline report і proof of expenses, бо мені треба нормальне рішення без ще одного довгого очікування."
ua_crossborder_worker,airport_lounge_pass_issue,empty,"Добрий день, я купила airport lounge pass в Revolut, але в lounge його не можуть сканувати і кажуть, що він не valid. Підкажіть, будь ласка, де в app знайти сам pass і перевірити airport, terminal, passenger details, date та terms of use, і чи можна його cancel/refund якщо не вдалося скористатись valid pass?"
ua_crossborder_worker,airport_lounge_pass_issue,poor_internet_connection,"Hi, I bought an airport lounge pass in Revolut, but at the lounge they can’t scan it and say it’s not valid. I’m at the airport now, my internet is unstable and the app screens keep failing—please help me find the pass details (airport, terminal, date, passenger name) and tell me if it can be cancelled/refunded or what proof I should collect since I couldn’t use it."
ua_crossborder_worker,airport_lounge_pass_issue,anxious_security_fear,"Добрий день, я купила lounge pass через Revolut, але в аеропорту його не можуть сканувати і кажуть, що він недійсний. Підкажіть, будь ласка, де саме в app знайти pass і як перевірити airport/terminal, passenger details, дату та terms, а ще чи можна його cancel/refund — я дуже хвилююсь, чи не втрачені мої гроші або дані, і що мені зібрати як proof якщо pass був valid, але його не прийняли?"
ua_crossborder_worker,airport_lounge_pass_issue,confused_by_app_updates,"Добрий день, я купила airport lounge pass в Revolut, але в новому інтерфейсі не можу знайти де він зараз лежить і перевірити airport/terminal, passenger details та дату, а в лаунжі кажуть що pass не сканується або invalid. Підкажіть, будь ласка, як його знайти в app, чи можна його cancel/refund, і яке proof треба зібрати якщо pass був valid, але мене не пустили."
ua_crossborder_worker,airport_lounge_pass_issue,angry_after_waiting,"I bought an airport lounge pass in Revolut, but the staff say it can’t be scanned / isn’t valid, and I need this fixed now. Please tell me where to find the pass in the app and check if the airport, terminal, passenger details, date, and terms are correct, plus whether I can cancel or get a refund if I can’t use it."
ua_crossborder_worker,esim_activation_failed,empty,"Hi, I bought a Revolut eSIM data plan for my trip, but it won’t install or activate on my phone. Can you help me check if my device supports eSIM and what I should do to get it working?"
ua_crossborder_worker,esim_activation_failed,poor_internet_connection,"Привіт, я купила Revolut eSIM plan для поїздки, але на моєму Android він не встановлюється/не активується — screens постійно fail через нестабільний інтернет. Можете, будь ласка, підказати, як перевірити чи телефон підтримує eSIM, чи він unlocked, і що ще треба зробити, бо plan already paid but unusable?"
ua_crossborder_worker,esim_activation_failed,anxious_security_fear,"Hi, I bought a Revolut eSIM data plan but it won’t install or activate on my Android phone, and I’m really worried I did something wrong or that my data/payment is at risk. Can you please check if my device is compatible and help me troubleshoot the setup steps — I’ve already paid and just need to know it’s safe and how to get it working, дякую."
ua_crossborder_worker,esim_activation_failed,confused_by_app_updates,"Я купила Revolut eSIM для поїздки, але на моєму Android він не встановлюється/не активується, і ще інтерфейс у додатку змінився — по інструкції я не бачу потрібної кнопки або розділу. Підкажіть, будь ласка, як перевірити support device, чи телефон unlocked, де зараз знайти установку eSIM, і що робити, якщо plan already paid, але ним не можу користуватись."
ua_crossborder_worker,esim_activation_failed,angry_after_waiting,"Я уже давно жду, а eSIM всё ещё не ставится и не активируется на моём Android. Пожалуйста, срочно скажите, что именно проверить — поддерживает ли телефон eSIM, разблокирован ли он, и как нормально запустить план, потому что я уже оплатила, а пользоваться не могу."
ua_crossborder_worker,crypto_withdrawal_pending,empty,"Добрий день, я вивела crypto з Revolut на external wallet, але withdrawal still pending і на адресу кошти не прийшли. Please help check, чи правильний network і wallet address були selected, чи немає limit/fees або додаткової security check, і що робити, якщо transaction зависне або fail."
ua_crossborder_worker,crypto_withdrawal_pending,poor_internet_connection,"Здравствуйте, я вывела крипту из Revolut на внешний wallet, но withdrawal уже pending и адресат ещё ничего не получил. Можете, пожалуйста, проверить, правильная ли сеть и wallet adress были выбраны, есть ли лимиты/fees или доп security check, и что делать, если транзакция зависла или fail?"
ua_crossborder_worker,crypto_withdrawal_pending,anxious_security_fear,"Добрий день, я дуже переживаю: я зробила crypto withdrawal з Revolut на external wallet, але він досі pending і на адресі нічого не прийшло. Будь ласка, перевірте, чи правильно був обраний network і wallet address, чи не потрібні ще security checks або дані власника wallet, і поясніть, скільки часу чекають confirmations та що робити, якщо transaction зависла або fail."
ua_crossborder_worker,crypto_withdrawal_pending,confused_by_app_updates,"Привіт, я вивела crypto з Revolut на external wallet, але withdrawal вже pending і на адресі нічого нема. В інтерфейсі у мене зараз все виглядає інакше, ніж в інструкціях, тому не можу знайти де перевірити network, wallet address, fees і чи не потрібна ще security check — підкажіть, будь ласка, що робити і коли це має дійти."
ua_crossborder_worker,crypto_withdrawal_pending,angry_after_waiting,"Мій crypto withdrawal з Revolut вже давно pending, а в external wallet грошей досі немає — де вони? Перевірте, будь ласка, network, wallet address, limits і fees, чи не треба ще якісь security checks або info про власника wallet, і скажіть чітко, коли це буде вирішено або що робити, якщо транзакція зависла чи failed."
ua_crossborder_worker,trading_order_pending,empty,"Hi, I placed a stock buy order in Revolut Trading but it’s still pending and the shares don’t show in my portfolio. Can you pls check why it hasn’t executed yet — maybe it’s because of market hours, available cash, or order type?"
ua_crossborder_worker,trading_order_pending,poor_internet_connection,"Доброго дня, я оформила buy order в Revolut Trading, але он все ще pending и акції не з’явились в портфелі. У мене нестабільний internet, екран інколи зависає, тож не можу зрозуміти це через market hours, available cash чи limitations по order type — підкажіть, будь ласка, чому ордер не виконався і чи може він ще з’явитись?"
ua_crossborder_worker,trading_order_pending,anxious_security_fear,"Добрий день, я дуже переживаю: в Revolut Trading я поставила buy order на акцію, але він досі pending і shares не з'явились в portfolio. Поясніть, будь ласка, чи це нормально через market hours / order type / available cash / fractional shares / trading halt, і чи мої гроші та дані в безпеці — мені дуже потрібне reassurance, дякую."
ua_crossborder_worker,trading_order_pending,confused_by_app_updates,"Добрий день, я оформила buy order в Revolut Trading, але він досі pending і акції не з’явились в портфелі. Інтерфейс в app зараз виглядає інакше, ніж в інструкціях, тому я не можу знайти, де перевірити статус чи hours/conditions для цього ордера — підкажіть, будь ласка, чому він ще не executed і що саме мені check?"
ua_crossborder_worker,trading_order_pending,angry_after_waiting,"Мій buy order в Revolut Trading вже дуже довго висить pending, а акції так і не з’явились у портфелі — дайте нормальне пояснення і скажіть, коли це буде виконано або чому його ще не executed. Я вже достатньо чекала, спс, хочу чітку відповідь зараз."
